-- MySQL dump 10.13  Distrib 8.0.19, for macos10.15 (x86_64)
--
-- Host: localhost    Database: Tienda
-- ------------------------------------------------------
-- Server version	8.0.19

/*!40101 SET @OLD_CHARACTER_SET_CLIENT=@@CHARACTER_SET_CLIENT */;
/*!40101 SET @OLD_CHARACTER_SET_RESULTS=@@CHARACTER_SET_RESULTS */;
/*!40101 SET @OLD_COLLATION_CONNECTION=@@COLLATION_CONNECTION */;
/*!50503 SET NAMES utf8 */;
/*!40103 SET @OLD_TIME_ZONE=@@TIME_ZONE */;
/*!40103 SET TIME_ZONE='+00:00' */;
/*!40014 SET @OLD_UNIQUE_CHECKS=@@UNIQUE_CHECKS, UNIQUE_CHECKS=0 */;
/*!40014 SET @OLD_FOREIGN_KEY_CHECKS=@@FOREIGN_KEY_CHECKS, FOREIGN_KEY_CHECKS=0 */;
/*!40101 SET @OLD_SQL_MODE=@@SQL_MODE, SQL_MODE='NO_AUTO_VALUE_ON_ZERO' */;
/*!40111 SET @OLD_SQL_NOTES=@@SQL_NOTES, SQL_NOTES=0 */;

--
-- Table structure for table `categoria`
--

DROP TABLE IF EXISTS `categoria`;
/*!40101 SET @saved_cs_client     = @@character_set_client */;
/*!50503 SET character_set_client = utf8mb4 */;
CREATE TABLE `categoria` (
  `idCategoria` mediumint NOT NULL AUTO_INCREMENT,
  `nombre` varchar(45) NOT NULL,
  `descripcion` varchar(45) NOT NULL,
  PRIMARY KEY (`idCategoria`)
) ENGINE=InnoDB AUTO_INCREMENT=10 DEFAULT CHARSET=utf8mb4 COLLATE=utf8mb4_0900_ai_ci;
/*!40101 SET character_set_client = @saved_cs_client */;

--
-- Dumping data for table `categoria`
--

LOCK TABLES `categoria` WRITE;
/*!40000 ALTER TABLE `categoria` DISABLE KEYS */;
INSERT INTO `categoria` VALUES (1,'Bebidas','Agua y refrescos'),(2,'Carnicería','Distintos tipos de carnes'),(3,'Cereales y legumbres','Cereales y legumbres'),(4,'Condimentos y especias','Condimentos y especias'),(5,'Dulces y postres','Dulces y postres'),(6,'Harinas','Harinas'),(7,'Pescadería','Pescadería'),(8,'Vegetales','Vegetales, frutas y tubérculos'),(9,'Aceites y vinagres','Aceites y vinagres');
/*!40000 ALTER TABLE `categoria` ENABLE KEYS */;
UNLOCK TABLES;

--
-- Table structure for table `cliente`
--

DROP TABLE IF EXISTS `cliente`;
/*!40101 SET @saved_cs_client     = @@character_set_client */;
/*!50503 SET character_set_client = utf8mb4 */;
CREATE TABLE `cliente` (
  `idCliente` mediumint unsigned NOT NULL AUTO_INCREMENT,
  `nombre` varchar(45) CHARACTER SET utf8mb4 COLLATE utf8mb4_0900_ai_ci NOT NULL,
  `apellido` varchar(45) NOT NULL,
  `telefono` char(20) NOT NULL,
  `email` varchar(45) NOT NULL,
  `ciudad` varchar(45) NOT NULL,
  `pais` varchar(45) NOT NULL,
  PRIMARY KEY (`idCliente`)
) ENGINE=InnoDB AUTO_INCREMENT=1001 DEFAULT CHARSET=utf8mb4 COLLATE=utf8mb4_0900_ai_ci;
/*!40101 SET character_set_client = @saved_cs_client */;

--
-- Dumping data for table `cliente`
--

LOCK TABLES `cliente` WRITE;
/*!40000 ALTER TABLE `cliente` DISABLE KEYS */;
INSERT INTO `cliente` VALUES (1,'Katlynn','Hyatt','(123) 6567-9242','katlynnhyatt@test.com','Montreal','Canadá'),(2,'Juanita','Lind','(123) 8592-2238','juanitalind@test.com','Hannover','Alemania'),(3,'Estrella','Reichel','(123) 4696-4386','estrellareichel@test.com','Melbourne','Australia'),(4,'Marc','Emard','(123) 4322-4462','marcemard@test.com','San José','Costa Rica'),(5,'Camren','Marks','(123) 9291-7517','camrenmarks@test.com','Río de Janeiro','Brasil'),(6,'Brandi','Dibbert','(123) 6851-6846','brandidibbert@test.com','Guadalajara','México'),(7,'Wallace','Lubowitz','(123) 6432-2244','wallacelubowitz@test.com','San Miguelito','Panamá'),(8,'Corene','Ullrich','(123) 9749-6374','coreneullrich@test.com','San Francisco','Estados Unidos'),(9,'Alexa','Lynch','(123) 2314-9754','alexalynch@test.com','Cali','Colombia'),(10,'Cleta','Gutmann','(123) 6622-3153','cletagutmann@test.com','Cali','Colombia'),(11,'Manuel','Walsh','(123) 8263-6379','manuelwalsh@test.com','Guadalajara','México'),(12,'Trudie','Pouros','(123) 2162-2162','trudiepouros@test.com','Bogotá','Colombia'),(13,'Gladyce','Trantow','(123) 8744-9396','gladycetrantow@test.com','Toronto','Canadá'),(14,'Mariam','Baumbach','(123) 2383-7126','mariambaumbach@test.com','Venecia','Italia'),(15,'Marilie','Metz','(123) 7565-7264','mariliemetz@test.com','Sevilla','España'),(16,'Angelina','Sawayn','(123) 1287-8174','angelinasawayn@test.com','Sidney','Australia'),(17,'Aiyana','Goldner','(123) 8222-7892','aiyanagoldner@test.com','Kioto','Japón'),(18,'Assunta','Raynor','(123) 9238-2589','assuntaraynor@test.com','Lucerna','Suiza'),(19,'Chadrick','Muller','(123) 9865-8656','chadrickmuller@test.com','Zúrich','Suiza'),(20,'Yadira','Kunde','(123) 7682-6427','yadirakunde@test.com','Río de Janeiro','Brasil'),(21,'Kennith','Blanda','(123) 9825-2935','kennithblanda@test.com','Nueva York','Estados Unidos'),(22,'George','Weissnat','(123) 6599-8313','georgeweissnat@test.com','Berlin','Alemania'),(23,'Terry','Russel','(123) 4977-5266','terryrussel@test.com','Graz','Austria'),(24,'Charley','Daugherty','(123) 1611-3294','charleydaugherty@test.com','San José','Costa Rica'),(25,'Chyna','McCullough','(123) 2656-6936','chynamccullough@test.com','Tokio','Japón'),(26,'Jermain','Kovacek','(123) 9859-2242','jermainkovacek@test.com','San Miguelito','Panamá'),(27,'Gertrude','Kihn','(123) 1424-3573','gertrudekihn@test.com','El Alto','Bolivia'),(28,'Winnifred','Kub','(123) 8474-5454','winnifredkub@test.com','Viena','Austria'),(29,'Alejandrin','Luettgen','(123) 4747-7474','alejandrinluettgen@test.com','Osaka','Japón'),(30,'Donna','Kessler','(123) 7539-7944','donnakessler@test.com','San Francisco','Estados Unidos'),(31,'Marianne','Beier','(123) 7511-8935','mariannebeier@test.com','La Paz','Bolivia'),(32,'Wilfredo','Hickle','(123) 6824-3189','wilfredohickle@test.com','Zúrich','Suiza'),(33,'Rozella','Miller','(123) 2226-2385','rozellamiller@test.com','Nueva York','Estados Unidos'),(34,'Jonathan','Trantow','(123) 9494-3147','jonathantrantow@test.com','Barcelona','España'),(35,'Van','Schowalter','(123) 6858-7984','vanschowalter@test.com','Tokio','Japón'),(36,'Leilani','Langworth','(123) 3376-7786','leilanilangworth@test.com','Hannover','Alemania'),(37,'Clara','Mitchell','(123) 8415-3976','claramitchell@test.com','Melbourne','Australia'),(38,'Manley','Monahan','(123) 1419-5524','manleymonahan@test.com','Tokio','Japón'),(39,'Katarina','Reinger','(123) 6591-6649','katarinareinger@test.com','Zúrich','Suiza'),(40,'Ciara','White','(123) 7685-9343','ciarawhite@test.com','San Miguelito','Panamá'),(41,'Annalise','Barton','(123) 2922-1975','annalisebarton@test.com','Viena','Austria'),(42,'Harmon','Batz','(123) 4494-1985','harmonbatz@test.com','Gold Coast','Australia'),(43,'Jaleel','Renner','(123) 8539-6498','jaleelrenner@test.com','Cali','Colombia'),(44,'Blaise','Miller','(123) 3851-7291','blaisemiller@test.com','David','Panamá'),(45,'Emil','Howe','(123) 6837-9413','emilhowe@test.com','Oxford','Reino Unido'),(46,'Alf','Hintz','(123) 2888-5873','alfhintz@test.com','Cali','Colombia'),(47,'Travon','Russel','(123) 1696-5738','travonrussel@test.com','Sidney','Australia'),(48,'Nona','Weimann','(123) 5887-8364','nonaweimann@test.com','Ginebra','Suiza'),(49,'Maymie','Feeney','(123) 3273-2219','maymiefeeney@test.com','Venecia','Italia'),(50,'Dolores','Wolff','(123) 5712-5411','doloreswolff@test.com','Gold Coast','Australia'),(51,'Macy','Robel','(123) 4721-5313','macyrobel@test.com','Porto Alegre','Brasil'),(52,'Edmond','Stark','(123) 5675-5189','edmondstark@test.com','Oxford','Reino Unido'),(53,'Kirsten','Hickle','(123) 3621-6978','kirstenhickle@test.com','Gold Coast','Australia'),(54,'Kyla','Wunsch','(123) 9355-3621','kylawunsch@test.com','Osaka','Japón'),(55,'Delfina','Fritsch','(123) 9414-5266','delfinafritsch@test.com','Vancouver','Canadá'),(56,'Audie','O\'Keefe','(123) 4822-6545','audieo\'keefe@test.com','La Paz','Bolivia'),(57,'Marlee','Purdy','(123) 6558-8879','marleepurdy@test.com','Londres','Reino Unido'),(58,'Alexanne','Gaylord','(123) 4453-9826','alexannegaylord@test.com','Florencia','Italia'),(59,'Jake','Littel','(123) 5795-8724','jakelittel@test.com','Graz','Austria'),(60,'Sydney','Buckridge','(123) 5252-2245','sydneybuckridge@test.com','Mendoza','Argentina'),(61,'Pamela','Jacobs','(123) 4476-7741','pamelajacobs@test.com','Brasilia','Brasil'),(62,'Mervin','Wiegand','(123) 9693-4134','mervinwiegand@test.com','Londres','Reino Unido'),(63,'Breanna','Hintz','(123) 7886-4488','breannahintz@test.com','Guadalajara','México'),(64,'Verla','Runte','(123) 8643-3615','verlarunte@test.com','Viena','Austria'),(65,'Nathan','Kshlerin','(123) 6222-5871','nathankshlerin@test.com','El Alto','Bolivia'),(66,'Trey','Ryan','(123) 4686-2226','treyryan@test.com','Gold Coast','Australia'),(67,'Dan','Boehm','(123) 4982-3285','danboehm@test.com','Porto Alegre','Brasil'),(68,'Margot','Glover','(123) 9382-4342','margotglover@test.com','San Francisco','Estados Unidos'),(69,'Mabelle','Terry','(123) 4666-9215','mabelleterry@test.com','La Plata','Argentina'),(70,'Virginie','Lang','(123) 6693-2969','virginielang@test.com','Colón','Panamá'),(71,'Raymond','Ortiz','(123) 8321-4263','raymondortiz@test.com','La Plata','Argentina'),(72,'Dahlia','Davis','(123) 6431-4753','dahliadavis@test.com','David','Panamá'),(73,'Isac','Quitzon','(123) 1341-2662','isacquitzon@test.com','Madrid','España'),(74,'Darian','Boehm','(123) 8684-5431','darianboehm@test.com','Porto Alegre','Brasil'),(75,'Isadore','Bernhard','(123) 8681-8238','isadorebernhard@test.com','La Plata','Argentina'),(76,'Lavada','Williamson','(123) 4215-6584','lavadawilliamson@test.com','Sucre','Bolivia'),(77,'Willis','Parker','(123) 3629-2195','willisparker@test.com','Río de Janeiro','Brasil'),(78,'Chris','Bayer','(123) 7112-5362','chrisbayer@test.com','Guadalajara','México'),(79,'Deron','Mueller','(123) 3773-5516','deronmueller@test.com','Florencia','Italia'),(80,'Justen','VonRueden','(123) 8641-2797','justenvonrueden@test.com','La Paz','Bolivia'),(81,'Nadia','Weimann','(123) 6977-6719','nadiaweimann@test.com','Ginebra','Suiza'),(82,'Ella','Boyle','(123) 5677-6718','ellaboyle@test.com','El Alto','Bolivia'),(83,'Turner','Sporer','(123) 3591-4125','turnersporer@test.com','Buenos Aires','Argentina'),(84,'Genevieve','Berge','(123) 3514-1138','genevieveberge@test.com','Kioto','Japón'),(85,'Kayli','Hoeger','(123) 7976-7957','kaylihoeger@test.com','Sucre','Bolivia'),(86,'Soledad','Beer','(123) 2656-6362','soledadbeer@test.com','Toronto','Canadá'),(87,'Joey','Marvin','(123) 9221-9568','joeymarvin@test.com','Vancouver','Canadá'),(88,'Theo','Schmeler','(123) 2397-7685','theoschmeler@test.com','Florencia','Italia'),(89,'Lyda','Heidenreich','(123) 8986-7496','lydaheidenreich@test.com','Bogotá','Colombia'),(90,'Kristopher','Kautzer','(123) 1497-6663','kristopherkautzer@test.com','Sevilla','España'),(91,'Edythe','Toy','(123) 5851-6983','edythetoy@test.com','Brasilia','Brasil'),(92,'Tomasa','Huel','(123) 2949-5519','tomasahuel@test.com','Guadalajara','México'),(93,'Colten','Nolan','(123) 6476-9128','coltennolan@test.com','San José','Costa Rica'),(94,'Ronny','Hills','(123) 8524-3216','ronnyhills@test.com','Porto Alegre','Brasil'),(95,'Madison','Schoen','(123) 1216-8515','madisonschoen@test.com','La Plata','Argentina'),(96,'Angelina','Christiansen','(123) 3926-9642','angelinachristiansen@test.com','Gold Coast','Australia'),(97,'Nils','Pollich','(123) 4526-3584','nilspollich@test.com','Edimburgo','Reino Unido'),(98,'Cyrus','Schuppe','(123) 7511-8383','cyrusschuppe@test.com','Tijuana','México'),(99,'Jesse','Walker','(123) 8642-8535','jessewalker@test.com','Edimburgo','Reino Unido'),(100,'Jackie','Bednar','(123) 9476-9837','jackiebednar@test.com','Brasilia','Brasil'),(101,'Golden','Corwin','(123) 8177-2846','goldencorwin@test.com','Barcelona','España'),(102,'Stanley','Herzog','(123) 9762-8719','stanleyherzog@test.com','Guadalajara','México'),(103,'Linnie','Conroy','(123) 8239-7891','linnieconroy@test.com','Roma','Italia'),(104,'Katheryn','Hoppe','(123) 7321-7732','katherynhoppe@test.com','Barcelona','España'),(105,'Reggie','Schmitt','(123) 1886-6216','reggieschmitt@test.com','Berlin','Alemania'),(106,'Milan','Welch','(123) 1496-2885','milanwelch@test.com','Tijuana','México'),(107,'Jose','Bosco','(123) 1941-3146','josebosco@test.com','Florencia','Italia'),(108,'Edythe','Torp','(123) 2865-6653','edythetorp@test.com','La Paz','Bolivia'),(109,'Grady','Hauck','(123) 1524-3211','gradyhauck@test.com','Londres','Reino Unido'),(110,'Angie','Hagenes','(123) 9893-6483','angiehagenes@test.com','Nueva York','Estados Unidos'),(111,'Delores','Rippin','(123) 9976-1342','deloresrippin@test.com','Berlin','Alemania'),(112,'Brittany','Bernhard','(123) 4615-3781','brittanybernhard@test.com','Mendoza','Argentina'),(113,'Narciso','Koelpin','(123) 9242-8726','narcisokoelpin@test.com','Oxford','Reino Unido'),(114,'Angelica','Conroy','(123) 4252-2658','angelicaconroy@test.com','Roma','Italia'),(115,'Delbert','Williamson','(123) 4697-7558','delbertwilliamson@test.com','Melbourne','Australia'),(116,'Lily','Jenkins','(123) 6634-2999','lilyjenkins@test.com','Heredia','Costa Rica'),(117,'Frederique','Hammes','(123) 1285-3593','frederiquehammes@test.com','Colón','Panamá'),(118,'Lavern','Haag','(123) 3599-9146','lavernhaag@test.com','Florencia','Italia'),(119,'Geovanny','Douglas','(123) 9986-3617','geovannydouglas@test.com','Edimburgo','Reino Unido'),(120,'Janis','Will','(123) 4822-4558','janiswill@test.com','Graz','Austria'),(121,'Marcellus','Daugherty','(123) 5941-9856','marcellusdaugherty@test.com','Monterrey','México'),(122,'Jolie','Halvorson','(123) 6218-7473','joliehalvorson@test.com','Linz','Austria'),(123,'Jacinto','Herman','(123) 3761-5454','jacintoherman@test.com','Vancouver','Canadá'),(124,'Edgardo','Runte','(123) 1539-7752','edgardorunte@test.com','Tokio','Japón'),(125,'Guido','Rogahn','(123) 4357-9648','guidorogahn@test.com','Berlin','Alemania'),(126,'Delfina','Schmeler','(123) 3819-7691','delfinaschmeler@test.com','Hamburgo','Alemania'),(127,'Melvin','Grimes','(123) 2865-8469','melvingrimes@test.com','Vancouver','Canadá'),(128,'Hailie','Lang','(123) 7819-3762','hailielang@test.com','El Alto','Bolivia'),(129,'Lottie','Nikolaus','(123) 9216-7131','lottienikolaus@test.com','Cali','Colombia'),(130,'Matt','Beahan','(123) 2186-8259','mattbeahan@test.com','Osaka','Japón'),(131,'Rickey','Anderson','(123) 4976-1293','rickeyanderson@test.com','Florencia','Italia'),(132,'Uriah','Hahn','(123) 3567-7474','uriahhahn@test.com','Montreal','Canadá'),(133,'Bernhard','Dare','(123) 7539-8263','bernharddare@test.com','Vancouver','Canadá'),(134,'River','Champlin','(123) 5713-1696','riverchamplin@test.com','Nueva York','Estados Unidos'),(135,'Rory','Murazik','(123) 3822-3121','rorymurazik@test.com','Oxford','Reino Unido'),(136,'Regan','Conroy','(123) 5624-2999','reganconroy@test.com','Tijuana','México'),(137,'Blanche','Jerde','(123) 9131-5434','blanchejerde@test.com','Sevilla','España'),(138,'Garth','Kerluke','(123) 3275-1621','garthkerluke@test.com','Florencia','Italia'),(139,'Katherine','Howell','(123) 9237-9428','katherinehowell@test.com','Florencia','Italia'),(140,'Lelah','Lang','(123) 5377-4615','lelahlang@test.com','Medellín','Colombia'),(141,'Janet','Rutherford','(123) 4524-4949','janetrutherford@test.com','San Miguelito','Panamá'),(142,'Aliya','Bashirian','(123) 7936-1562','aliyabashirian@test.com','Colón','Panamá'),(143,'Willie','Mraz','(123) 2587-1114','williemraz@test.com','Londres','Reino Unido'),(144,'Tiffany','Sanford','(123) 8748-7266','tiffanysanford@test.com','Medellín','Colombia'),(145,'Jackie','Langosh','(123) 3572-4728','jackielangosh@test.com','Monterrey','México'),(146,'Elmira','Prosacco','(123) 5936-4259','elmiraprosacco@test.com','Barcelona','España'),(147,'Davon','Bode','(123) 1729-9215','davonbode@test.com','Toronto','Canadá'),(148,'Joyce','Larson','(123) 6363-4132','joycelarson@test.com','David','Panamá'),(149,'Emilie','Balistreri','(123) 9545-4665','emiliebalistreri@test.com','Toronto','Canadá'),(150,'Adalberto','Welch','(123) 6448-7126','adalbertowelch@test.com','Monterrey','México'),(151,'Finn','Volkman','(123) 7872-7964','finnvolkman@test.com','San José','Costa Rica'),(152,'Lon','Conroy','(123) 9585-9496','lonconroy@test.com','Hannover','Alemania'),(153,'Nelle','Mills','(123) 2362-2258','nellemills@test.com','Osaka','Japón'),(154,'Reagan','Dooley','(123) 5245-3712','reagandooley@test.com','Linz','Austria'),(155,'Twila','Streich','(123) 5929-1892','twilastreich@test.com','Ginebra','Suiza'),(156,'Ethelyn','Davis','(123) 9544-8161','ethelyndavis@test.com','Cali','Colombia'),(157,'Marjolaine','Willms','(123) 3426-7765','marjolainewillms@test.com','Londres','Reino Unido'),(158,'Arlo','Doyle','(123) 1566-1539','arlodoyle@test.com','Barcelona','España'),(159,'Serena','Zieme','(123) 9777-3496','serenazieme@test.com','El Alto','Bolivia'),(160,'Theron','Watsica','(123) 2899-9979','theronwatsica@test.com','Buenos Aires','Argentina'),(161,'Heath','Cormier','(123) 5851-9551','heathcormier@test.com','Roma','Italia'),(162,'Brittany','Smith','(123) 8865-5451','brittanysmith@test.com','Monterrey','México'),(163,'Jarrett','Reichel','(123) 1132-7474','jarrettreichel@test.com','Roma','Italia'),(164,'Bernhard','Schroeder','(123) 6286-6413','bernhardschroeder@test.com','Mendoza','Argentina'),(165,'Jermaine','Leannon','(123) 1525-8915','jermaineleannon@test.com','Linz','Austria'),(166,'Estella','Rohan','(123) 5867-8879','estellarohan@test.com','Toronto','Canadá'),(167,'Lucious','Gleason','(123) 7752-5224','luciousgleason@test.com','San Francisco','Estados Unidos'),(168,'Terrance','Robel','(123) 6636-1729','terrancerobel@test.com','Nueva York','Estados Unidos'),(169,'Linnie','Leannon','(123) 3627-3539','linnieleannon@test.com','Sevilla','España'),(170,'Laurine','Sawayn','(123) 9858-8649','laurinesawayn@test.com','Madrid','España'),(171,'Cale','Wilderman','(123) 9775-3976','calewilderman@test.com','Oxford','Reino Unido'),(172,'Berniece','Jacobi','(123) 3244-7294','berniecejacobi@test.com','Monterrey','México'),(173,'Maybell','Ziemann','(123) 9775-5684','maybellziemann@test.com','San Miguelito','Panamá'),(174,'Cora','Nienow','(123) 3495-9285','coranienow@test.com','Osaka','Japón'),(175,'Mariela','Sanford','(123) 4455-1612','marielasanford@test.com','David','Panamá'),(176,'Tressa','Jacobi','(123) 9344-6978','tressajacobi@test.com','Edimburgo','Reino Unido'),(177,'Davon','Veum','(123) 2396-3896','davonveum@test.com','El Alto','Bolivia'),(178,'Freda','Ledner','(123) 9863-6531','fredaledner@test.com','Tijuana','México'),(179,'Caroline','Harvey','(123) 3551-9238','carolineharvey@test.com','Florencia','Italia'),(180,'Thurman','Schinner','(123) 5852-1266','thurmanschinner@test.com','Lucerna','Suiza'),(181,'Jed','Gleichner','(123) 9287-9831','jedgleichner@test.com','Cartago','Costa Rica'),(182,'Cristobal','Runte','(123) 2987-1818','cristobalrunte@test.com','Mendoza','Argentina'),(183,'Freddie','Boyle','(123) 2397-9572','freddieboyle@test.com','San Francisco','Estados Unidos'),(184,'Maximillian','Fay','(123) 8586-5879','maximillianfay@test.com','Tijuana','México'),(185,'Brandi','Murray','(123) 7578-1628','brandimurray@test.com','Edimburgo','Reino Unido'),(186,'Elsa','Thompson','(123) 7145-5914','elsathompson@test.com','Buenos Aires','Argentina'),(187,'Soledad','Murphy','(123) 1265-8436','soledadmurphy@test.com','Heredia','Costa Rica'),(188,'Koby','Lindgren','(123) 2733-5594','kobylindgren@test.com','Colón','Panamá'),(189,'Edison','Gusikowski','(123) 9588-6498','edisongusikowski@test.com','Vancouver','Canadá'),(190,'Arden','Schumm','(123) 1197-5529','ardenschumm@test.com','Berlin','Alemania'),(191,'Ariane','Feest','(123) 5725-2429','arianefeest@test.com','Nueva York','Estados Unidos'),(192,'Ova','Gottlieb','(123) 1343-2921','ovagottlieb@test.com','Brasilia','Brasil'),(193,'Fiona','Ondricka','(123) 7551-4111','fionaondricka@test.com','Graz','Austria'),(194,'Josefina','Stokes','(123) 4551-9224','josefinastokes@test.com','Venecia','Italia'),(195,'Javon','Wilderman','(123) 6717-7657','javonwilderman@test.com','Miami','Estados Unidos'),(196,'Jaylan','Cummerata','(123) 3489-2244','jaylancummerata@test.com','Ginebra','Suiza'),(197,'Nicholaus','Mertz','(123) 6863-4538','nicholausmertz@test.com','Edimburgo','Reino Unido'),(198,'Pedro','Cole','(123) 3272-6693','pedrocole@test.com','San Francisco','Estados Unidos'),(199,'Ubaldo','Williamson','(123) 3623-6291','ubaldowilliamson@test.com','Londres','Reino Unido'),(200,'Elbert','Hansen','(123) 8852-4481','elberthansen@test.com','Cali','Colombia'),(201,'Keith','Von','(123) 8296-9983','keithvon@test.com','Río de Janeiro','Brasil'),(202,'Randi','Bogisich','(123) 9128-8469','randibogisich@test.com','Osaka','Japón'),(203,'Helene','Turner','(123) 6376-8313','heleneturner@test.com','Sidney','Australia'),(204,'Tabitha','Grant','(123) 3648-2371','tabithagrant@test.com','Río de Janeiro','Brasil'),(205,'Yoshiko','Conroy','(123) 2662-8853','yoshikoconroy@test.com','Edimburgo','Reino Unido'),(206,'Johann','Hickle','(123) 7773-4184','johannhickle@test.com','Tokio','Japón'),(207,'Marta','Batz','(123) 4551-7712','martabatz@test.com','Kioto','Japón'),(208,'Una','Johnston','(123) 7328-7957','unajohnston@test.com','Oxford','Reino Unido'),(209,'Dangelo','Hermiston','(123) 3477-5377','dangelohermiston@test.com','Bogotá','Colombia'),(210,'Katheryn','Gorczany','(123) 7316-1147','katheryngorczany@test.com','Barcelona','España'),(211,'Winona','Bergstrom','(123) 5427-3153','winonabergstrom@test.com','Bogotá','Colombia'),(212,'Braden','Dicki','(123) 1334-4732','bradendicki@test.com','Londres','Reino Unido'),(213,'Cory','Boyer','(123) 2587-2589','coryboyer@test.com','Medellín','Colombia'),(214,'Devonte','McLaughlin','(123) 3426-4489','devontemclaughlin@test.com','Londres','Reino Unido'),(215,'Barrett','Schaden','(123) 4127-9459','barrettschaden@test.com','Montreal','Canadá'),(216,'Noemy','Larson','(123) 5659-8472','noemylarson@test.com','Tijuana','México'),(217,'Cleta','Kreiger','(123) 6787-2928','cletakreiger@test.com','Tijuana','México'),(218,'Darryl','Wiegand','(123) 7964-9649','darrylwiegand@test.com','Kioto','Japón'),(219,'Isabelle','Grady','(123) 6288-8789','isabellegrady@test.com','Guadalajara','México'),(220,'Rosario','Jacobs','(123) 4267-5386','rosariojacobs@test.com','Linz','Austria'),(221,'Ubaldo','Frami','(123) 5675-4418','ubaldoframi@test.com','Tokio','Japón'),(222,'Elliott','Kulas','(123) 1748-9216','elliottkulas@test.com','Hamburgo','Alemania'),(223,'Theron','Parker','(123) 9966-3242','theronparker@test.com','Medellín','Colombia'),(224,'Mariano','Aufderhar','(123) 7278-2433','marianoaufderhar@test.com','Ginebra','Suiza'),(225,'Cristobal','Wiza','(123) 5681-8953','cristobalwiza@test.com','Hamburgo','Alemania'),(226,'Glenda','Flatley','(123) 2914-8871','glendaflatley@test.com','Ginebra','Suiza'),(227,'Heath','Bednar','(123) 3494-4565','heathbednar@test.com','Roma','Italia'),(228,'Fletcher','Fritsch','(123) 5929-4128','fletcherfritsch@test.com','El Alto','Bolivia'),(229,'Tyra','Hickle','(123) 4476-7125','tyrahickle@test.com','Mendoza','Argentina'),(230,'Maurine','Schiller','(123) 8871-3476','maurineschiller@test.com','Edimburgo','Reino Unido'),(231,'Elwin','Baumbach','(123) 7138-3129','elwinbaumbach@test.com','Gold Coast','Australia'),(232,'Isac','Christiansen','(123) 1342-5243','isacchristiansen@test.com','Roma','Italia'),(233,'Leilani','Simonis','(123) 2379-4198','leilanisimonis@test.com','Oxford','Reino Unido'),(234,'Sophia','Langosh','(123) 2655-2118','sophialangosh@test.com','Toronto','Canadá'),(235,'Augustus','Muller','(123) 3781-8854','augustusmuller@test.com','Brasilia','Brasil'),(236,'Christelle','Lockman','(123) 3161-2928','christellelockman@test.com','Sidney','Australia'),(237,'Steve','Wintheiser','(123) 6615-4695','stevewintheiser@test.com','Nueva York','Estados Unidos'),(238,'Scot','Crist','(123) 1749-2415','scotcrist@test.com','Graz','Austria'),(239,'Timmy','Zboncak','(123) 3789-4975','timmyzboncak@test.com','Miami','Estados Unidos'),(240,'Daphne','Stamm','(123) 4551-8744','daphnestamm@test.com','San Francisco','Estados Unidos'),(241,'Luther','Torphy','(123) 2521-8928','luthertorphy@test.com','San José','Costa Rica'),(242,'Amaya','Turner','(123) 9294-8399','amayaturner@test.com','San Miguelito','Panamá'),(243,'Tremayne','Borer','(123) 8588-6384','tremayneborer@test.com','Oxford','Reino Unido'),(244,'Tre','Bradtke','(123) 3172-6774','trebradtke@test.com','La Paz','Bolivia'),(245,'Zachery','Lehner','(123) 8955-9411','zacherylehner@test.com','Linz','Austria'),(246,'Sven','Reilly','(123) 3341-4616','svenreilly@test.com','Río de Janeiro','Brasil'),(247,'Dewitt','McKenzie','(123) 5999-1342','dewittmckenzie@test.com','Medellín','Colombia'),(248,'Delores','Mayer','(123) 7989-6986','deloresmayer@test.com','Miami','Estados Unidos'),(249,'Jarrod','Dach','(123) 3579-8449','jarroddach@test.com','Mendoza','Argentina'),(250,'Lottie','Osinski','(123) 2397-9585','lottieosinski@test.com','Barcelona','España'),(251,'Lola','Bode','(123) 3515-3218','lolabode@test.com','Barcelona','España'),(252,'Adeline','Hintz','(123) 7333-7969','adelinehintz@test.com','Barcelona','España'),(253,'Brenna','Koepp','(123) 1523-7246','brennakoepp@test.com','San Miguelito','Panamá'),(254,'Odessa','Johnson','(123) 7621-8156','odessajohnson@test.com','La Paz','Bolivia'),(255,'Corine','Ruecker','(123) 4273-1356','corineruecker@test.com','David','Panamá'),(256,'Johnathan','Torphy','(123) 6141-2639','johnathantorphy@test.com','Tijuana','México'),(257,'Baylee','Dietrich','(123) 7684-7133','bayleedietrich@test.com','Oxford','Reino Unido'),(258,'Cecile','Robel','(123) 6169-7887','cecilerobel@test.com','David','Panamá'),(259,'Micheal','Koss','(123) 2783-8264','michealkoss@test.com','Kioto','Japón'),(260,'Chadrick','Legros','(123) 1461-3412','chadricklegros@test.com','Florencia','Italia'),(261,'Missouri','Cronin','(123) 6447-5125','missouricronin@test.com','Tijuana','México'),(262,'Marcia','Davis','(123) 9293-6426','marciadavis@test.com','Hamburgo','Alemania'),(263,'Alana','Crist','(123) 4467-8224','alanacrist@test.com','Venecia','Italia'),(264,'Davin','Franecki','(123) 3565-6787','davinfranecki@test.com','Graz','Austria'),(265,'Bernita','Lynch','(123) 2728-4697','bernitalynch@test.com','Porto Alegre','Brasil'),(266,'German','Ratke','(123) 6215-5867','germanratke@test.com','Osaka','Japón'),(267,'Barbara','Ziemann','(123) 8219-4328','barbaraziemann@test.com','Linz','Austria'),(268,'Seamus','O\'Connell','(123) 8592-9237','seamuso\'connell@test.com','Linz','Austria'),(269,'Maryjane','Champlin','(123) 8211-8938','maryjanechamplin@test.com','Melbourne','Australia'),(270,'Aliya','Marks','(123) 1893-4467','aliyamarks@test.com','Berlin','Alemania'),(271,'Nelson','Goyette','(123) 9412-8592','nelsongoyette@test.com','Roma','Italia'),(272,'Zelma','Lowe','(123) 2385-7336','zelmalowe@test.com','La Paz','Bolivia'),(273,'Maci','Volkman','(123) 1482-3838','macivolkman@test.com','San Francisco','Estados Unidos'),(274,'Milo','Schneider','(123) 3997-7463','miloschneider@test.com','Berlin','Alemania'),(275,'Ima','Hand','(123) 5664-9584','imahand@test.com','Florencia','Italia'),(276,'Norris','Adams','(123) 5251-8866','norrisadams@test.com','Londres','Reino Unido'),(277,'Ramona','Haley','(123) 4955-3129','ramonahaley@test.com','La Paz','Bolivia'),(278,'Enrico','Willms','(123) 9971-9824','enricowillms@test.com','Tokio','Japón'),(279,'Shad','Bechtelar','(123) 5257-4753','shadbechtelar@test.com','Berlin','Alemania'),(280,'Lenna','Cummerata','(123) 1489-3383','lennacummerata@test.com','Toronto','Canadá'),(281,'Rosamond','Ward','(123) 7752-7939','rosamondward@test.com','Madrid','España'),(282,'Pattie','Lynch','(123) 8366-9329','pattielynch@test.com','Ginebra','Suiza'),(283,'Frank','Will','(123) 2384-5446','frankwill@test.com','Hamburgo','Alemania'),(284,'Prince','Schneider','(123) 9991-1341','princeschneider@test.com','Cartago','Costa Rica'),(285,'Deshaun','Mueller','(123) 1133-5867','deshaunmueller@test.com','El Alto','Bolivia'),(286,'Ashly','Hagenes','(123) 6824-6965','ashlyhagenes@test.com','Miami','Estados Unidos'),(287,'Onie','Rutherford','(123) 7943-2934','onierutherford@test.com','Hannover','Alemania'),(288,'Verna','Grimes','(123) 3932-3128','vernagrimes@test.com','Lucerna','Suiza'),(289,'Lemuel','Tremblay','(123) 4734-1841','lemueltremblay@test.com','Porto Alegre','Brasil'),(290,'Chad','Kutch','(123) 4886-4493','chadkutch@test.com','Buenos Aires','Argentina'),(291,'Melyssa','Sawayn','(123) 8177-4734','melyssasawayn@test.com','Nueva York','Estados Unidos'),(292,'Stella','Padberg','(123) 8429-3363','stellapadberg@test.com','Linz','Austria'),(293,'Kevon','Conroy','(123) 7893-4391','kevonconroy@test.com','Heredia','Costa Rica'),(294,'Alfonzo','Jones','(123) 3296-8517','alfonzojones@test.com','Guadalajara','México'),(295,'Lynn','Botsford','(123) 5431-8992','lynnbotsford@test.com','Roma','Italia'),(296,'Triston','Turner','(123) 8659-8796','tristonturner@test.com','Linz','Austria'),(297,'Noble','Keebler','(123) 2953-2733','noblekeebler@test.com','Colón','Panamá'),(298,'Lexie','Mills','(123) 6344-5328','lexiemills@test.com','La Paz','Bolivia'),(299,'Jaquan','Lowe','(123) 6755-9376','jaquanlowe@test.com','Londres','Reino Unido'),(300,'Joana','Lehner','(123) 1517-4957','joanalehner@test.com','Monterrey','México'),(301,'Julius','Ruecker','(123) 3169-6545','juliusruecker@test.com','Medellín','Colombia'),(302,'Kallie','Upton','(123) 2661-6655','kallieupton@test.com','Vancouver','Canadá'),(303,'Hallie','Crist','(123) 1822-5872','halliecrist@test.com','Oxford','Reino Unido'),(304,'Abdiel','Barton','(123) 5211-2336','abdielbarton@test.com','Monterrey','México'),(305,'Ryley','Yost','(123) 1714-6986','ryleyyost@test.com','Tijuana','México'),(306,'Karlie','Bashirian','(123) 3649-7683','karliebashirian@test.com','David','Panamá'),(307,'Breanne','Moen','(123) 9852-9545','breannemoen@test.com','Madrid','España'),(308,'Alexie','Beahan','(123) 3713-9852','alexiebeahan@test.com','Sevilla','España'),(309,'Greta','Brakus','(123) 1635-4766','gretabrakus@test.com','Monterrey','México'),(310,'Jose','Welch','(123) 3762-6964','josewelch@test.com','Colón','Panamá'),(311,'Megane','Weimann','(123) 3272-6584','meganeweimann@test.com','La Paz','Bolivia'),(312,'Amiya','Simonis','(123) 7525-8998','amiyasimonis@test.com','Brasilia','Brasil'),(313,'Marion','Wyman','(123) 3851-5638','marionwyman@test.com','Buenos Aires','Argentina'),(314,'Demetris','Koch','(123) 3837-1977','demetriskoch@test.com','Cartago','Costa Rica'),(315,'Jamison','Rutherford','(123) 5194-2873','jamisonrutherford@test.com','Vancouver','Canadá'),(316,'Wilhelmine','Bogisich','(123) 8452-3984','wilhelminebogisich@test.com','Graz','Austria'),(317,'Dewayne','Dickinson','(123) 5123-1417','dewaynedickinson@test.com','Zúrich','Suiza'),(318,'Solon','Ondricka','(123) 6775-3831','solonondricka@test.com','Kioto','Japón'),(319,'Juwan','Jenkins','(123) 5124-7153','juwanjenkins@test.com','El Alto','Bolivia'),(320,'Candice','Hane','(123) 6413-1663','candicehane@test.com','Berlin','Alemania'),(321,'Keshawn','Okuneva','(123) 4482-9571','keshawnokuneva@test.com','Londres','Reino Unido'),(322,'Ephraim','Rohan','(123) 1284-4824','ephraimrohan@test.com','Mendoza','Argentina'),(323,'Hilma','Roob','(123) 3551-6166','hilmaroob@test.com','San Francisco','Estados Unidos'),(324,'Kristina','Howell','(123) 5515-7119','kristinahowell@test.com','Sidney','Australia'),(325,'Charity','Jenkins','(123) 7815-3217','charityjenkins@test.com','Sucre','Bolivia'),(326,'Maybelle','Ward','(123) 4175-3998','maybelleward@test.com','Guadalajara','México'),(327,'Brendan','Nicolas','(123) 4538-2654','brendannicolas@test.com','Oxford','Reino Unido'),(328,'Deshawn','Hauck','(123) 7336-2954','deshawnhauck@test.com','San Francisco','Estados Unidos'),(329,'Adrain','Witting','(123) 7518-1686','adrainwitting@test.com','San Miguelito','Panamá'),(330,'Daren','Botsford','(123) 4252-4511','darenbotsford@test.com','Nueva York','Estados Unidos'),(331,'Aron','Beahan','(123) 1391-4754','aronbeahan@test.com','Brasilia','Brasil'),(332,'Johnnie','Lowe','(123) 2141-2473','johnnielowe@test.com','Sucre','Bolivia'),(333,'Dessie','Pacocha','(123) 2359-2936','dessiepacocha@test.com','Medellín','Colombia'),(334,'Cleveland','Bartell','(123) 4761-2999','clevelandbartell@test.com','San Francisco','Estados Unidos'),(335,'Aileen','Miller','(123) 9838-6428','aileenmiller@test.com','Colón','Panamá'),(336,'Aileen','Orn','(123) 4558-9864','aileenorn@test.com','Gold Coast','Australia'),(337,'Tabitha','Howe','(123) 1271-1399','tabithahowe@test.com','Sidney','Australia'),(338,'Alize','Satterfield','(123) 8449-3514','alizesatterfield@test.com','Madrid','España'),(339,'Carroll','Thiel','(123) 9753-9133','carrollthiel@test.com','Edimburgo','Reino Unido'),(340,'Mazie','Gleichner','(123) 6481-9629','maziegleichner@test.com','Porto Alegre','Brasil'),(341,'Benny','Erdman','(123) 4197-6978','bennyerdman@test.com','Guadalajara','México'),(342,'Elisabeth','Kutch','(123) 3796-1531','elisabethkutch@test.com','Toronto','Canadá'),(343,'Ophelia','Grady','(123) 5118-9221','opheliagrady@test.com','San Francisco','Estados Unidos'),(344,'Lora','Gibson','(123) 2335-5815','loragibson@test.com','Viena','Austria'),(345,'Leatha','Kshlerin','(123) 5193-6338','leathakshlerin@test.com','Porto Alegre','Brasil'),(346,'Francesco','Davis','(123) 1189-5454','francescodavis@test.com','Vancouver','Canadá'),(347,'Gladyce','Trantow','(123) 5588-7943','gladycetrantow@test.com','Cartago','Costa Rica'),(348,'Sigrid','Bayer','(123) 1481-5795','sigridbayer@test.com','Guadalajara','México'),(349,'Simone','Steuber','(123) 8456-5516','simonesteuber@test.com','El Alto','Bolivia'),(350,'Mckenna','Hackett','(123) 9131-7322','mckennahackett@test.com','Cali','Colombia'),(351,'Kristopher','Hyatt','(123) 5733-4323','kristopherhyatt@test.com','Vancouver','Canadá'),(352,'Chelsey','Parisian','(123) 5659-1497','chelseyparisian@test.com','Toronto','Canadá'),(353,'Ephraim','Bernhard','(123) 4244-8168','ephraimbernhard@test.com','Monterrey','México'),(354,'Kiel','Connelly','(123) 4526-4962','kielconnelly@test.com','Miami','Estados Unidos'),(355,'Heaven','Bauch','(123) 3516-7786','heavenbauch@test.com','Graz','Austria'),(356,'Gaylord','Bosco','(123) 6344-8734','gaylordbosco@test.com','Roma','Italia'),(357,'Lesley','Beahan','(123) 9628-9173','lesleybeahan@test.com','Tijuana','México'),(358,'Duncan','Leffler','(123) 2176-6559','duncanleffler@test.com','Berlin','Alemania'),(359,'Valentina','Buckridge','(123) 4277-8168','valentinabuckridge@test.com','Nueva York','Estados Unidos'),(360,'Mabelle','Murray','(123) 4342-6762','mabellemurray@test.com','Heredia','Costa Rica'),(361,'Connie','Hoeger','(123) 7981-8256','conniehoeger@test.com','Zúrich','Suiza'),(362,'Alycia','Beahan','(123) 7874-5453','alyciabeahan@test.com','Tokio','Japón'),(363,'Mozelle','Lang','(123) 1474-6285','mozellelang@test.com','Guadalajara','México'),(364,'Robb','Kiehn','(123) 3999-9997','robbkiehn@test.com','El Alto','Bolivia'),(365,'Frieda','Bode','(123) 7495-8593','friedabode@test.com','Melbourne','Australia'),(366,'Sydnie','Farrell','(123) 4453-1558','sydniefarrell@test.com','Bogotá','Colombia'),(367,'Nigel','Nitzsche','(123) 8461-2725','nigelnitzsche@test.com','Sucre','Bolivia'),(368,'Wilfred','Mertz','(123) 1818-8733','wilfredmertz@test.com','Barcelona','España'),(369,'Aileen','Farrell','(123) 6216-9966','aileenfarrell@test.com','Barcelona','España'),(370,'Clemens','Yost','(123) 1558-6757','clemensyost@test.com','San Miguelito','Panamá'),(371,'Christop','Olson','(123) 8922-2453','christopolson@test.com','Berlin','Alemania'),(372,'Henri','Stark','(123) 2682-3911','henristark@test.com','Bogotá','Colombia'),(373,'Darrick','Kutch','(123) 5379-4284','darrickkutch@test.com','Venecia','Italia'),(374,'Myrl','Willms','(123) 8682-4711','myrlwillms@test.com','Lucerna','Suiza'),(375,'Stanford','Swift','(123) 3169-6362','stanfordswift@test.com','Cartago','Costa Rica'),(376,'Judge','Barrows','(123) 1748-8927','judgebarrows@test.com','Nueva York','Estados Unidos'),(377,'Alda','Gorczany','(123) 4816-7232','aldagorczany@test.com','Nueva York','Estados Unidos'),(378,'Armando','Moore','(123) 8541-4558','armandomoore@test.com','Ginebra','Suiza'),(379,'Verner','Hessel','(123) 8594-1844','vernerhessel@test.com','Porto Alegre','Brasil'),(380,'Virgie','Ankunding','(123) 5593-5678','virgieankunding@test.com','Miami','Estados Unidos'),(381,'Alfonzo','Labadie','(123) 2174-1138','alfonzolabadie@test.com','Medellín','Colombia'),(382,'Cindy','Ryan','(123) 6499-6545','cindyryan@test.com','Brasilia','Brasil'),(383,'Lorenzo','Kling','(123) 2441-2435','lorenzokling@test.com','Zúrich','Suiza'),(384,'Lilian','Raynor','(123) 8587-9962','lilianraynor@test.com','Cali','Colombia'),(385,'Francesca','Beer','(123) 3654-6844','francescabeer@test.com','El Alto','Bolivia'),(386,'Jaime','Fisher','(123) 1773-5449','jaimefisher@test.com','Sucre','Bolivia'),(387,'Connor','Koch','(123) 4198-4334','connorkoch@test.com','Gold Coast','Australia'),(388,'Greta','Vandervort','(123) 2878-4151','gretavandervort@test.com','San Francisco','Estados Unidos'),(389,'Travis','Smitham','(123) 1124-6797','travissmitham@test.com','Cartago','Costa Rica'),(390,'Ruthe','Bernhard','(123) 6718-1824','ruthebernhard@test.com','Sidney','Australia'),(391,'Malvina','D\'Amore','(123) 5112-4747','malvinad\'amore@test.com','Osaka','Japón'),(392,'Enos','Sporer','(123) 5391-2727','enossporer@test.com','Heredia','Costa Rica'),(393,'Jan','Wilderman','(123) 2677-5196','janwilderman@test.com','Medellín','Colombia'),(394,'Isabella','Hand','(123) 1747-4633','isabellahand@test.com','Osaka','Japón'),(395,'Israel','Hane','(123) 4469-9774','israelhane@test.com','Madrid','España'),(396,'Barry','Skiles','(123) 1821-1278','barryskiles@test.com','Tijuana','México'),(397,'Kevin','Hickle','(123) 9426-5725','kevinhickle@test.com','Guadalajara','México'),(398,'Dorris','Lockman','(123) 9363-4997','dorrislockman@test.com','San Miguelito','Panamá'),(399,'Wilfredo','Hettinger','(123) 5724-7511','wilfredohettinger@test.com','Linz','Austria'),(400,'Jenifer','Greenfelder','(123) 2454-4189','jenifergreenfelder@test.com','Cartago','Costa Rica'),(401,'Ramona','Gaylord','(123) 4279-5799','ramonagaylord@test.com','San Miguelito','Panamá'),(402,'Isabel','Beer','(123) 5992-1424','isabelbeer@test.com','Venecia','Italia'),(403,'Jadyn','West','(123) 6978-2118','jadynwest@test.com','Zúrich','Suiza'),(404,'Rowan','Jerde','(123) 9344-6272','rowanjerde@test.com','Brasilia','Brasil'),(405,'Jamil','Wehner','(123) 8638-4287','jamilwehner@test.com','Melbourne','Australia'),(406,'Johnson','Spencer','(123) 1197-9238','johnsonspencer@test.com','Hannover','Alemania'),(407,'Meda','Goldner','(123) 4321-8751','medagoldner@test.com','Río de Janeiro','Brasil'),(408,'Sheridan','Wunsch','(123) 8363-5713','sheridanwunsch@test.com','Mendoza','Argentina'),(409,'Elisha','Nitzsche','(123) 9915-1774','elishanitzsche@test.com','San Miguelito','Panamá'),(410,'Katlynn','Swift','(123) 6154-4891','katlynnswift@test.com','Mendoza','Argentina'),(411,'Tabitha','Okuneva','(123) 7469-9997','tabithaokuneva@test.com','Hamburgo','Alemania'),(412,'Ewald','VonRueden','(123) 1963-5516','ewaldvonrueden@test.com','Hamburgo','Alemania'),(413,'Kaitlin','King','(123) 2712-6592','kaitlinking@test.com','Gold Coast','Australia'),(414,'Immanuel','Corwin','(123) 2377-6823','immanuelcorwin@test.com','Osaka','Japón'),(415,'Thora','Moore','(123) 2917-4734','thoramoore@test.com','La Paz','Bolivia'),(416,'Kim','Considine','(123) 3215-7837','kimconsidine@test.com','Montreal','Canadá'),(417,'Ayana','Fritsch','(123) 6852-3859','ayanafritsch@test.com','Viena','Austria'),(418,'Mireille','Renner','(123) 4945-9564','mireillerenner@test.com','Buenos Aires','Argentina'),(419,'Agnes','Homenick','(123) 2522-6621','agneshomenick@test.com','Kioto','Japón'),(420,'Zoila','Will','(123) 7341-1111','zoilawill@test.com','Colón','Panamá'),(421,'Leone','Corkery','(123) 4423-3545','leonecorkery@test.com','Mendoza','Argentina'),(422,'Ron','Heller','(123) 4537-1943','ronheller@test.com','Tijuana','México'),(423,'Monserrate','Lind','(123) 4124-6148','monserratelind@test.com','San Miguelito','Panamá'),(424,'Turner','Rolfson','(123) 2237-8169','turnerrolfson@test.com','Medellín','Colombia'),(425,'Cristobal','Cronin','(123) 8592-1937','cristobalcronin@test.com','Buenos Aires','Argentina'),(426,'Hyman','Auer','(123) 7525-9154','hymanauer@test.com','Vancouver','Canadá'),(427,'Cory','Kemmer','(123) 3359-1678','corykemmer@test.com','Hamburgo','Alemania'),(428,'Glennie','Ernser','(123) 8543-3384','glennieernser@test.com','Tijuana','México'),(429,'Mariane','Daniel','(123) 2868-1886','marianedaniel@test.com','Bogotá','Colombia'),(430,'Glen','Cummerata','(123) 8175-2473','glencummerata@test.com','Barcelona','España'),(431,'Polly','Olson','(123) 2955-8682','pollyolson@test.com','Heredia','Costa Rica'),(432,'Derick','Muller','(123) 3865-7196','derickmuller@test.com','Lucerna','Suiza'),(433,'Matteo','Mills','(123) 4139-8441','matteomills@test.com','Medellín','Colombia'),(434,'Aiyana','Kiehn','(123) 8383-1285','aiyanakiehn@test.com','Sucre','Bolivia'),(435,'Jakayla','Bergstrom','(123) 3826-5858','jakaylabergstrom@test.com','Bogotá','Colombia'),(436,'Filomena','Paucek','(123) 9477-4698','filomenapaucek@test.com','Heredia','Costa Rica'),(437,'Kenyon','Kling','(123) 3274-5332','kenyonkling@test.com','Kioto','Japón'),(438,'Benjamin','Hoeger','(123) 1875-4152','benjaminhoeger@test.com','Florencia','Italia'),(439,'Clotilde','Kunde','(123) 2322-9378','clotildekunde@test.com','La Paz','Bolivia'),(440,'Earline','Bogan','(123) 1767-7495','earlinebogan@test.com','Cartago','Costa Rica'),(441,'Brenna','Veum','(123) 5949-5885','brennaveum@test.com','La Plata','Argentina'),(442,'Robbie','Muller','(123) 2118-2251','robbiemuller@test.com','Brasilia','Brasil'),(443,'Orville','Boyer','(123) 8731-5259','orvilleboyer@test.com','Heredia','Costa Rica'),(444,'Mollie','Little','(123) 4837-9499','mollielittle@test.com','La Plata','Argentina'),(445,'Betty','Aufderhar','(123) 7822-2327','bettyaufderhar@test.com','Oxford','Reino Unido'),(446,'Lambert','Leuschke','(123) 4735-6761','lambertleuschke@test.com','Monterrey','México'),(447,'Antonetta','Treutel','(123) 4885-3977','antonettatreutel@test.com','Gold Coast','Australia'),(448,'Weston','Botsford','(123) 4746-3439','westonbotsford@test.com','Edimburgo','Reino Unido'),(449,'Fanny','Erdman','(123) 1684-6588','fannyerdman@test.com','Graz','Austria'),(450,'Fabiola','Monahan','(123) 4563-8383','fabiolamonahan@test.com','Miami','Estados Unidos'),(451,'Javier','Kihn','(123) 8466-4258','javierkihn@test.com','El Alto','Bolivia'),(452,'Kyra','Howe','(123) 1532-8645','kyrahowe@test.com','Montreal','Canadá'),(453,'Kacey','Moen','(123) 1634-3999','kaceymoen@test.com','Hannover','Alemania'),(454,'Rex','Jones','(123) 8435-7183','rexjones@test.com','Osaka','Japón'),(455,'Terrance','Dooley','(123) 9719-6295','terrancedooley@test.com','Medellín','Colombia'),(456,'Deontae','Balistreri','(123) 5953-1354','deontaebalistreri@test.com','Madrid','España'),(457,'Emmett','Emard','(123) 5447-5455','emmettemard@test.com','San José','Costa Rica'),(458,'Cristina','Klocko','(123) 7322-2433','cristinaklocko@test.com','Roma','Italia'),(459,'Griffin','Thiel','(123) 7893-4322','griffinthiel@test.com','Florencia','Italia'),(460,'Maxwell','Lynch','(123) 1822-6546','maxwelllynch@test.com','Brasilia','Brasil'),(461,'Idella','Nikolaus','(123) 7127-1977','idellanikolaus@test.com','Oxford','Reino Unido'),(462,'Alba','Moen','(123) 5571-4559','albamoen@test.com','Osaka','Japón'),(463,'Casey','Corwin','(123) 9369-2922','caseycorwin@test.com','Vancouver','Canadá'),(464,'Aglae','Donnelly','(123) 1962-2428','aglaedonnelly@test.com','Miami','Estados Unidos'),(465,'Ludie','Schaden','(123) 6614-7494','ludieschaden@test.com','Ginebra','Suiza'),(466,'Wilber','Wiza','(123) 1251-9766','wilberwiza@test.com','Porto Alegre','Brasil'),(467,'Karlee','Johns','(123) 6166-5523','karleejohns@test.com','Berlin','Alemania'),(468,'Antonina','Vandervort','(123) 9831-3361','antoninavandervort@test.com','Porto Alegre','Brasil'),(469,'Vada','Klein','(123) 6971-8816','vadaklein@test.com','Nueva York','Estados Unidos'),(470,'Jalon','Hane','(123) 9859-3553','jalonhane@test.com','Oxford','Reino Unido'),(471,'Breanne','Johnston','(123) 9775-5697','breannejohnston@test.com','Monterrey','México'),(472,'Braxton','Boehm','(123) 1819-3768','braxtonboehm@test.com','Buenos Aires','Argentina'),(473,'Annette','Rice','(123) 6614-8211','annetterice@test.com','Edimburgo','Reino Unido'),(474,'Joshua','Treutel','(123) 3845-3984','joshuatreutel@test.com','Nueva York','Estados Unidos'),(475,'Anibal','Gutmann','(123) 6962-9546','anibalgutmann@test.com','San José','Costa Rica'),(476,'Dane','Grant','(123) 1473-2379','danegrant@test.com','Bogotá','Colombia'),(477,'Yadira','Gutmann','(123) 3781-5658','yadiragutmann@test.com','Gold Coast','Australia'),(478,'Freeman','Lesch','(123) 4357-9617','freemanlesch@test.com','Zúrich','Suiza'),(479,'Leonel','Hayes','(123) 4755-7473','leonelhayes@test.com','Sevilla','España'),(480,'Demarco','Hilll','(123) 5658-5156','demarcohilll@test.com','Montreal','Canadá'),(481,'Caleb','Rohan','(123) 6916-6426','calebrohan@test.com','Melbourne','Australia'),(482,'Demarcus','Zemlak','(123) 4253-7747','demarcuszemlak@test.com','Graz','Austria'),(483,'Jennie','Gleason','(123) 4976-1531','jenniegleason@test.com','Roma','Italia'),(484,'Lavern','Windler','(123) 3215-7977','lavernwindler@test.com','Sevilla','España'),(485,'Genesis','Kuvalis','(123) 6831-3223','genesiskuvalis@test.com','Gold Coast','Australia'),(486,'Merl','Stamm','(123) 8384-5123','merlstamm@test.com','Oxford','Reino Unido'),(487,'Daryl','Towne','(123) 2915-3999','daryltowne@test.com','Mendoza','Argentina'),(488,'Jeromy','Schmeler','(123) 6567-8854','jeromyschmeler@test.com','Graz','Austria'),(489,'Kaia','Gulgowski','(123) 2681-1259','kaiagulgowski@test.com','Heredia','Costa Rica'),(490,'Louie','Kiehn','(123) 3621-5783','louiekiehn@test.com','Monterrey','México'),(491,'Billie','Hammes','(123) 7824-2645','billiehammes@test.com','Sidney','Australia'),(492,'Lesly','Yost','(123) 2383-1354','leslyyost@test.com','Cartago','Costa Rica'),(493,'Jaren','Lowe','(123) 5585-2573','jarenlowe@test.com','Roma','Italia'),(494,'Avis','Beatty','(123) 4957-2676','avisbeatty@test.com','Hannover','Alemania'),(495,'Angie','Mraz','(123) 1658-6819','angiemraz@test.com','Cali','Colombia'),(496,'Kiera','Wehner','(123) 6914-9622','kierawehner@test.com','Florencia','Italia'),(497,'Zelda','Bauch','(123) 1892-2429','zeldabauch@test.com','Cartago','Costa Rica'),(498,'Jermaine','Brekke','(123) 3564-1328','jermainebrekke@test.com','Berlin','Alemania'),(499,'Monique','Kuhic','(123) 7456-3584','moniquekuhic@test.com','Toronto','Canadá'),(500,'Ofelia','Emard','(123) 6148-9478','ofeliaemard@test.com','Zúrich','Suiza'),(501,'Jessy','Weissnat','(123) 7267-6863','jessyweissnat@test.com','San José','Costa Rica'),(502,'Hassan','Gottlieb','(123) 7684-6977','hassangottlieb@test.com','La Plata','Argentina'),(503,'Kathleen','Anderson','(123) 5251-9432','kathleenanderson@test.com','Cartago','Costa Rica'),(504,'Marlen','Lynch','(123) 2237-2472','marlenlynch@test.com','Melbourne','Australia'),(505,'Horace','Fritsch','(123) 7199-6292','horacefritsch@test.com','Heredia','Costa Rica'),(506,'Isaiah','O\'Connell','(123) 1773-4258','isaiaho\'connell@test.com','Sevilla','España'),(507,'Elvie','Heathcote','(123) 8524-2932','elvieheathcote@test.com','Lucerna','Suiza'),(508,'Kianna','Jones','(123) 4596-2169','kiannajones@test.com','San Francisco','Estados Unidos'),(509,'Velva','King','(123) 1474-9692','velvaking@test.com','Montreal','Canadá'),(510,'Adolphus','Pollich','(123) 7114-5398','adolphuspollich@test.com','Londres','Reino Unido'),(511,'Nathaniel','VonRueden','(123) 5871-9811','nathanielvonrueden@test.com','Buenos Aires','Argentina'),(512,'Abel','Skiles','(123) 1963-6335','abelskiles@test.com','Guadalajara','México'),(513,'Jacquelyn','Schaden','(123) 9343-2892','jacquelynschaden@test.com','Montreal','Canadá'),(514,'Madge','Emmerich','(123) 7316-7961','madgeemmerich@test.com','Berlin','Alemania'),(515,'Isidro','Legros','(123) 3584-7146','isidrolegros@test.com','Brasilia','Brasil'),(516,'Norbert','Altenwerth','(123) 7944-6845','norbertaltenwerth@test.com','La Paz','Bolivia'),(517,'Reuben','Ernser','(123) 2385-1697','reubenernser@test.com','Brasilia','Brasil'),(518,'Darrel','Herzog','(123) 1893-8119','darrelherzog@test.com','Mendoza','Argentina'),(519,'Hailee','Green','(123) 5865-6793','haileegreen@test.com','Lucerna','Suiza'),(520,'Sandy','Strosin','(123) 7899-3553','sandystrosin@test.com','Porto Alegre','Brasil'),(521,'Dudley','Pfeffer','(123) 6565-5413','dudleypfeffer@test.com','Monterrey','México'),(522,'Arvel','Harris','(123) 1671-9566','arvelharris@test.com','Londres','Reino Unido'),(523,'Pascale','Stoltenberg','(123) 3567-7545','pascalestoltenberg@test.com','Edimburgo','Reino Unido'),(524,'Isai','Schowalter','(123) 4287-1145','isaischowalter@test.com','San Miguelito','Panamá'),(525,'Oceane','Rodriguez','(123) 6566-4825','oceanerodriguez@test.com','Nueva York','Estados Unidos'),(526,'Keshawn','Simonis','(123) 9154-6617','keshawnsimonis@test.com','Edimburgo','Reino Unido'),(527,'Kimberly','Carroll','(123) 5232-9169','kimberlycarroll@test.com','San Francisco','Estados Unidos'),(528,'Joel','Braun','(123) 8112-4685','joelbraun@test.com','San Francisco','Estados Unidos'),(529,'Laisha','Bradtke','(123) 9482-3971','laishabradtke@test.com','Edimburgo','Reino Unido'),(530,'Freida','Halvorson','(123) 7869-7886','freidahalvorson@test.com','Tokio','Japón'),(531,'Gardner','Lang','(123) 6289-9134','gardnerlang@test.com','San Miguelito','Panamá'),(532,'Wilson','Gutmann','(123) 9616-1519','wilsongutmann@test.com','Sidney','Australia'),(533,'Glennie','Reichert','(123) 6355-9188','glenniereichert@test.com','Roma','Italia'),(534,'Aidan','Grady','(123) 8794-4564','aidangrady@test.com','Mendoza','Argentina'),(535,'Toy','Waelchi','(123) 2851-9379','toywaelchi@test.com','Nueva York','Estados Unidos'),(536,'Seth','Gleason','(123) 5454-6719','sethgleason@test.com','San Francisco','Estados Unidos'),(537,'Cathrine','Gutmann','(123) 4322-3643','cathrinegutmann@test.com','Cali','Colombia'),(538,'Michele','Jones','(123) 3571-1977','michelejones@test.com','Sevilla','España'),(539,'Allan','Schaefer','(123) 6657-1824','allanschaefer@test.com','Medellín','Colombia'),(540,'Jamel','Prosacco','(123) 5312-6789','jamelprosacco@test.com','Florencia','Italia'),(541,'Carlie','Wolff','(123) 2886-4341','carliewolff@test.com','Gold Coast','Australia'),(542,'Estel','Kilback','(123) 9565-8641','estelkilback@test.com','Tokio','Japón'),(543,'Bryana','Balistreri','(123) 4683-9266','bryanabalistreri@test.com','Guadalajara','México'),(544,'Mateo','Spinka','(123) 4943-4194','mateospinka@test.com','Heredia','Costa Rica'),(545,'Merritt','Krajcik','(123) 4935-7272','merrittkrajcik@test.com','San Francisco','Estados Unidos'),(546,'Enos','Zboncak','(123) 6396-2937','enoszboncak@test.com','Bogotá','Colombia'),(547,'Joannie','Hudson','(123) 6797-6965','joanniehudson@test.com','Brasilia','Brasil'),(548,'Victor','Boehm','(123) 7945-2432','victorboehm@test.com','Viena','Austria'),(549,'Alicia','Tremblay','(123) 3796-1349','aliciatremblay@test.com','Madrid','España'),(550,'Oda','Kunze','(123) 5859-2954','odakunze@test.com','Colón','Panamá'),(551,'Emery','Rau','(123) 7286-5798','emeryrau@test.com','Miami','Estados Unidos'),(552,'Lisandro','Macejkovic','(123) 4473-5448','lisandromacejkovic@test.com','Cali','Colombia'),(553,'Myles','Hermann','(123) 2574-5638','myleshermann@test.com','Kioto','Japón'),(554,'Adriel','Simonis','(123) 1178-7317','adrielsimonis@test.com','Linz','Austria'),(555,'Gabrielle','Quitzon','(123) 2935-4697','gabriellequitzon@test.com','Bogotá','Colombia'),(556,'Solon','Kautzer','(123) 9648-2226','solonkautzer@test.com','Sevilla','España'),(557,'Luella','Williamson','(123) 4981-2456','luellawilliamson@test.com','Montreal','Canadá'),(558,'Mohammad','Kris','(123) 2195-4755','mohammadkris@test.com','Tijuana','México'),(559,'Erika','Kassulke','(123) 7264-2999','erikakassulke@test.com','San Miguelito','Panamá'),(560,'Ewell','Hackett','(123) 7766-6929','ewellhackett@test.com','Berlin','Alemania'),(561,'Carmela','Hudson','(123) 3586-6153','carmelahudson@test.com','Monterrey','México'),(562,'Dena','Kuphal','(123) 9114-9224','denakuphal@test.com','Sucre','Bolivia'),(563,'Reece','Osinski','(123) 6796-9998','reeceosinski@test.com','Vancouver','Canadá'),(564,'Cassandra','Leuschke','(123) 4474-7731','cassandraleuschke@test.com','Florencia','Italia'),(565,'Jeremie','Grant','(123) 7271-2523','jeremiegrant@test.com','Heredia','Costa Rica'),(566,'Delpha','Reilly','(123) 8515-4337','delphareilly@test.com','Osaka','Japón'),(567,'Ewell','Steuber','(123) 6863-7578','ewellsteuber@test.com','Oxford','Reino Unido'),(568,'Precious','Gutkowski','(123) 2382-6364','preciousgutkowski@test.com','Barcelona','España'),(569,'Doug','Harvey','(123) 2655-3826','dougharvey@test.com','La Plata','Argentina'),(570,'Janelle','Schneider','(123) 2429-2219','janelleschneider@test.com','Roma','Italia'),(571,'Bernadine','Will','(123) 6141-9774','bernadinewill@test.com','Barcelona','España'),(572,'Trycia','Gerhold','(123) 6131-8711','tryciagerhold@test.com','Vancouver','Canadá'),(573,'Francis','Yundt','(123) 4565-8517','francisyundt@test.com','Heredia','Costa Rica'),(574,'Karelle','Kirlin','(123) 3684-4748','karellekirlin@test.com','Toronto','Canadá'),(575,'Carmel','Mertz','(123) 3642-8455','carmelmertz@test.com','Monterrey','México'),(576,'Dorothea','Mueller','(123) 9216-8592','dorotheamueller@test.com','Edimburgo','Reino Unido'),(577,'Ariane','Ledner','(123) 9381-7419','arianeledner@test.com','Medellín','Colombia'),(578,'Vernice','Lebsack','(123) 5662-8885','vernicelebsack@test.com','Zúrich','Suiza'),(579,'Osvaldo','Schowalter','(123) 1957-1279','osvaldoschowalter@test.com','Montreal','Canadá'),(580,'Margaret','Stehr','(123) 6375-6499','margaretstehr@test.com','Sucre','Bolivia'),(581,'Wilbert','Tremblay','(123) 6381-6152','wilberttremblay@test.com','Bogotá','Colombia'),(582,'Ashtyn','Corwin','(123) 3971-3985','ashtyncorwin@test.com','Nueva York','Estados Unidos'),(583,'Alicia','Weber','(123) 2175-5879','aliciaweber@test.com','Osaka','Japón'),(584,'Carrie','Bradtke','(123) 7746-2949','carriebradtke@test.com','Tijuana','México'),(585,'Kacie','Nienow','(123) 4473-1748','kacienienow@test.com','Oxford','Reino Unido'),(586,'Dejah','Hintz','(123) 2246-8451','dejahhintz@test.com','Mendoza','Argentina'),(587,'Tad','Legros','(123) 9414-7417','tadlegros@test.com','Lucerna','Suiza'),(588,'Bernie','Cruickshank','(123) 5515-3169','berniecruickshank@test.com','Bogotá','Colombia'),(589,'Raquel','Bayer','(123) 6236-2219','raquelbayer@test.com','Graz','Austria'),(590,'Rogers','Runolfsdottir','(123) 6411-2712','rogersrunolfsdottir@test.com','El Alto','Bolivia'),(591,'Declan','Bashirian','(123) 7127-9585','declanbashirian@test.com','Sevilla','España'),(592,'Robyn','Huel','(123) 3635-8581','robynhuel@test.com','Edimburgo','Reino Unido'),(593,'Brionna','Monahan','(123) 5449-4314','brionnamonahan@test.com','Londres','Reino Unido'),(594,'Josie','Erdman','(123) 7411-2728','josieerdman@test.com','Buenos Aires','Argentina'),(595,'Mae','Ward','(123) 4476-7183','maeward@test.com','Heredia','Costa Rica'),(596,'Amelie','Daugherty','(123) 7969-3218','ameliedaugherty@test.com','La Plata','Argentina'),(597,'Daisha','Gutkowski','(123) 8934-1329','daishagutkowski@test.com','Guadalajara','México'),(598,'Vincenza','Gorczany','(123) 3584-7323','vincenzagorczany@test.com','La Paz','Bolivia'),(599,'Kaitlyn','Cartwright','(123) 8383-8655','kaitlyncartwright@test.com','Montreal','Canadá'),(600,'Moises','Blick','(123) 2455-6616','moisesblick@test.com','San José','Costa Rica'),(601,'Hildegard','Gottlieb','(123) 2662-1893','hildegardgottlieb@test.com','David','Panamá'),(602,'Myah','Lind','(123) 4147-5435','myahlind@test.com','El Alto','Bolivia'),(603,'Edison','Roberts','(123) 4734-9592','edisonroberts@test.com','Heredia','Costa Rica'),(604,'Mary','Douglas','(123) 9356-6494','marydouglas@test.com','Miami','Estados Unidos'),(605,'Juwan','Cronin','(123) 3478-7145','juwancronin@test.com','Monterrey','México'),(606,'Flavie','Cormier','(123) 4611-5176','flaviecormier@test.com','Mendoza','Argentina'),(607,'Juanita','Jacobi','(123) 8592-1734','juanitajacobi@test.com','Zúrich','Suiza'),(608,'Nannie','Barrows','(123) 8377-3546','nanniebarrows@test.com','Viena','Austria'),(609,'Fatima','Hermiston','(123) 9782-4462','fatimahermiston@test.com','Barcelona','España'),(610,'Garnet','Sipes','(123) 8984-7148','garnetsipes@test.com','La Plata','Argentina'),(611,'Bernie','Renner','(123) 7291-4615','bernierenner@test.com','Edimburgo','Reino Unido'),(612,'Amber','Ondricka','(123) 5714-6134','amberondricka@test.com','Bogotá','Colombia'),(613,'Mariela','Frami','(123) 1266-4181','marielaframi@test.com','San Miguelito','Panamá'),(614,'Susie','Ledner','(123) 1891-8684','susieledner@test.com','Sevilla','España'),(615,'Monte','Jacobi','(123) 5399-8588','montejacobi@test.com','Mendoza','Argentina'),(616,'Ottis','Brakus','(123) 6584-7473','ottisbrakus@test.com','Heredia','Costa Rica'),(617,'Dora','Kris','(123) 5595-6587','dorakris@test.com','Vancouver','Canadá'),(618,'Sally','McGlynn','(123) 1983-8231','sallymcglynn@test.com','Ginebra','Suiza'),(619,'Emerson','Schulist','(123) 6846-5851','emersonschulist@test.com','Roma','Italia'),(620,'Mortimer','Renner','(123) 8211-9426','mortimerrenner@test.com','Nueva York','Estados Unidos'),(621,'Ben','Hettinger','(123) 7559-4962','benhettinger@test.com','Londres','Reino Unido'),(622,'Cole','Jaskolski','(123) 1957-2476','colejaskolski@test.com','Río de Janeiro','Brasil'),(623,'Carolanne','Nolan','(123) 5933-4544','carolannenolan@test.com','La Plata','Argentina'),(624,'Danika','Donnelly','(123) 6982-7888','danikadonnelly@test.com','Barcelona','España'),(625,'Melba','Schinner','(123) 8794-2711','melbaschinner@test.com','Cali','Colombia'),(626,'Gregg','Bode','(123) 2681-9433','greggbode@test.com','Roma','Italia'),(627,'Jacklyn','Jast','(123) 6991-3558','jacklynjast@test.com','Cali','Colombia'),(628,'Jude','Waters','(123) 9286-6362','judewaters@test.com','San Francisco','Estados Unidos'),(629,'Christ','Zboncak','(123) 9358-5231','christzboncak@test.com','Colón','Panamá'),(630,'Mose','Bailey','(123) 2851-6979','mosebailey@test.com','Sucre','Bolivia'),(631,'Cordell','Runte','(123) 4139-2156','cordellrunte@test.com','Venecia','Italia'),(632,'Theresia','Muller','(123) 2452-3268','theresiamuller@test.com','Cali','Colombia'),(633,'Muriel','O\'Keefe','(123) 4489-4271','murielo\'keefe@test.com','Venecia','Italia'),(634,'Jordan','Russel','(123) 2656-5679','jordanrussel@test.com','Edimburgo','Reino Unido'),(635,'Jermain','Hammes','(123) 5519-4455','jermainhammes@test.com','San Francisco','Estados Unidos'),(636,'Heloise','Willms','(123) 9484-1274','heloisewillms@test.com','La Paz','Bolivia'),(637,'Carmela','Jones','(123) 4892-2432','carmelajones@test.com','Nueva York','Estados Unidos'),(638,'Sofia','Wolf','(123) 1821-8893','sofiawolf@test.com','Miami','Estados Unidos'),(639,'Dawson','Daniel','(123) 6357-2487','dawsondaniel@test.com','Ginebra','Suiza'),(640,'Delmer','Metz','(123) 9842-7265','delmermetz@test.com','San Francisco','Estados Unidos'),(641,'Meghan','Boyle','(123) 5251-5313','meghanboyle@test.com','Cali','Colombia'),(642,'Ernestine','Muller','(123) 3781-5776','ernestinemuller@test.com','San Miguelito','Panamá'),(643,'Arielle','Macejkovic','(123) 8432-2244','ariellemacejkovic@test.com','San Miguelito','Panamá'),(644,'Jayce','Emmerich','(123) 7411-2595','jayceemmerich@test.com','Miami','Estados Unidos'),(645,'Elinor','Hudson','(123) 6616-7633','elinorhudson@test.com','Toronto','Canadá'),(646,'Alisa','Ward','(123) 4476-7961','alisaward@test.com','San Francisco','Estados Unidos'),(647,'Lolita','Auer','(123) 6622-4557','lolitaauer@test.com','Londres','Reino Unido'),(648,'Mertie','Powlowski','(123) 3495-9135','mertiepowlowski@test.com','Gold Coast','Australia'),(649,'Durward','Ferry','(123) 6551-7698','durwardferry@test.com','Linz','Austria'),(650,'Araceli','Zboncak','(123) 4475-3844','aracelizboncak@test.com','Monterrey','México'),(651,'Cynthia','Cartwright','(123) 8923-6341','cynthiacartwright@test.com','Porto Alegre','Brasil'),(652,'Manuel','Howe','(123) 3425-1614','manuelhowe@test.com','Zúrich','Suiza'),(653,'Werner','Hodkiewicz','(123) 9613-5592','wernerhodkiewicz@test.com','David','Panamá'),(654,'Pinkie','Braun','(123) 3718-1943','pinkiebraun@test.com','Heredia','Costa Rica'),(655,'Misael','McKenzie','(123) 3381-7765','misaelmckenzie@test.com','Cali','Colombia'),(656,'Odell','Rutherford','(123) 9913-2938','odellrutherford@test.com','San José','Costa Rica'),(657,'Sharon','Weber','(123) 1748-1683','sharonweber@test.com','Berlin','Alemania'),(658,'Toney','Ankunding','(123) 1348-3114','toneyankunding@test.com','Nueva York','Estados Unidos'),(659,'Nelle','Rogahn','(123) 6274-6777','nellerogahn@test.com','Colón','Panamá'),(660,'Angie','Kautzer','(123) 2147-8734','angiekautzer@test.com','Hamburgo','Alemania'),(661,'Cordia','Lind','(123) 8242-1543','cordialind@test.com','Hamburgo','Alemania'),(662,'Julius','Robel','(123) 5453-9789','juliusrobel@test.com','Oxford','Reino Unido'),(663,'Oda','Koch','(123) 2379-3831','odakoch@test.com','Mendoza','Argentina'),(664,'Juliet','Zieme','(123) 3425-3762','julietzieme@test.com','Edimburgo','Reino Unido'),(665,'Trystan','Lindgren','(123) 1888-6396','trystanlindgren@test.com','Medellín','Colombia'),(666,'Katharina','Morissette','(123) 5637-5781','katharinamorissette@test.com','Montreal','Canadá'),(667,'Jensen','Satterfield','(123) 8948-2315','jensensatterfield@test.com','Linz','Austria'),(668,'Leanne','Waelchi','(123) 2516-1317','leannewaelchi@test.com','Río de Janeiro','Brasil'),(669,'Tyrell','Buckridge','(123) 3238-3793','tyrellbuckridge@test.com','Florencia','Italia'),(670,'Jacklyn','Moen','(123) 8194-4721','jacklynmoen@test.com','San Francisco','Estados Unidos'),(671,'Elliott','Haag','(123) 4232-1551','elliotthaag@test.com','Sidney','Australia'),(672,'Manuela','Will','(123) 7685-9169','manuelawill@test.com','San José','Costa Rica'),(673,'Rafaela','Gibson','(123) 7881-4977','rafaelagibson@test.com','Madrid','España'),(674,'Jacques','Carter','(123) 5426-8434','jacquescarter@test.com','Heredia','Costa Rica'),(675,'Beatrice','Koss','(123) 9788-6573','beatricekoss@test.com','Toronto','Canadá'),(676,'Fern','Cruickshank','(123) 2747-6641','ferncruickshank@test.com','Oxford','Reino Unido'),(677,'Rodolfo','Deckow','(123) 2488-9844','rodolfodeckow@test.com','Hamburgo','Alemania'),(678,'Kariane','Roob','(123) 8873-1481','karianeroob@test.com','Gold Coast','Australia'),(679,'Judd','Bode','(123) 7611-2795','juddbode@test.com','Florencia','Italia'),(680,'Noah','Morar','(123) 6567-9378','noahmorar@test.com','David','Panamá'),(681,'Eveline','Wehner','(123) 2176-8448','evelinewehner@test.com','La Plata','Argentina'),(682,'Mariam','Gottlieb','(123) 7488-7995','mariamgottlieb@test.com','Florencia','Italia'),(683,'Jaylan','Nitzsche','(123) 8656-6532','jaylannitzsche@test.com','Porto Alegre','Brasil'),(684,'Elissa','Boyer','(123) 8719-9769','elissaboyer@test.com','La Paz','Bolivia'),(685,'Santiago','Bailey','(123) 8623-8433','santiagobailey@test.com','Monterrey','México'),(686,'Cullen','Schulist','(123) 6287-9836','cullenschulist@test.com','La Paz','Bolivia'),(687,'Taurean','Champlin','(123) 5676-8586','taureanchamplin@test.com','Toronto','Canadá'),(688,'Everette','Hoppe','(123) 6221-7869','everettehoppe@test.com','Lucerna','Suiza'),(689,'Lulu','Schneider','(123) 6551-8871','luluschneider@test.com','Oxford','Reino Unido'),(690,'Arielle','McKenzie','(123) 1996-1892','ariellemckenzie@test.com','Sidney','Australia'),(691,'Annetta','Rodriguez','(123) 9358-4685','annettarodriguez@test.com','Miami','Estados Unidos'),(692,'Derrick','Bashirian','(123) 7159-4963','derrickbashirian@test.com','Graz','Austria'),(693,'Elda','Ernser','(123) 4133-6218','eldaernser@test.com','Barcelona','España'),(694,'Aaron','Franecki','(123) 7321-8181','aaronfranecki@test.com','Madrid','España'),(695,'Jett','Moen','(123) 8914-9615','jettmoen@test.com','El Alto','Bolivia'),(696,'Edgar','Farrell','(123) 6211-8197','edgarfarrell@test.com','Medellín','Colombia'),(697,'Manuela','Reinger','(123) 4823-7181','manuelareinger@test.com','Colón','Panamá'),(698,'Pascale','Dibbert','(123) 8879-9768','pascaledibbert@test.com','San José','Costa Rica'),(699,'Julianne','Lockman','(123) 3134-1399','juliannelockman@test.com','La Plata','Argentina'),(700,'Dina','Ernser','(123) 7961-6649','dinaernser@test.com','Lucerna','Suiza'),(701,'Cassandre','Walter','(123) 8243-5334','cassandrewalter@test.com','Hannover','Alemania'),(702,'Isaias','Lowe','(123) 3913-4975','isaiaslowe@test.com','Vancouver','Canadá'),(703,'Arturo','Dicki','(123) 6754-6718','arturodicki@test.com','Porto Alegre','Brasil'),(704,'Monroe','Prohaska','(123) 1874-7357','monroeprohaska@test.com','Florencia','Italia'),(705,'Meta','Hettinger','(123) 8174-8361','metahettinger@test.com','Madrid','España'),(706,'Audie','Waelchi','(123) 7496-9846','audiewaelchi@test.com','Montreal','Canadá'),(707,'Oral','Farrell','(123) 9795-5954','oralfarrell@test.com','Oxford','Reino Unido'),(708,'Antonetta','Jacobson','(123) 7318-7148','antonettajacobson@test.com','Medellín','Colombia'),(709,'Verna','Fay','(123) 8664-8381','vernafay@test.com','Monterrey','México'),(710,'Dahlia','Huels','(123) 1392-8594','dahliahuels@test.com','Toronto','Canadá'),(711,'Alanis','Daugherty','(123) 8432-3775','alanisdaugherty@test.com','Sidney','Australia'),(712,'Kathlyn','Rempel','(123) 2591-8676','kathlynrempel@test.com','Linz','Austria'),(713,'Creola','Schmidt','(123) 8635-1419','creolaschmidt@test.com','Edimburgo','Reino Unido'),(714,'Marguerite','Gaylord','(123) 6287-4691','margueritegaylord@test.com','Río de Janeiro','Brasil'),(715,'Caroline','Reynolds','(123) 2986-7679','carolinereynolds@test.com','La Paz','Bolivia'),(716,'Mireille','Prohaska','(123) 7616-5149','mireilleprohaska@test.com','Miami','Estados Unidos'),(717,'Samson','Conroy','(123) 7766-2395','samsonconroy@test.com','David','Panamá'),(718,'Elena','Langosh','(123) 1752-5949','elenalangosh@test.com','Viena','Austria'),(719,'Verla','Swaniawski','(123) 5866-9293','verlaswaniawski@test.com','Sevilla','España'),(720,'Paige','Kunde','(123) 6216-9777','paigekunde@test.com','Brasilia','Brasil'),(721,'Talia','Kerluke','(123) 2884-4977','taliakerluke@test.com','Cali','Colombia'),(722,'Amos','Glover','(123) 4686-5593','amosglover@test.com','Hamburgo','Alemania'),(723,'Haven','Quitzon','(123) 5725-3621','havenquitzon@test.com','Kioto','Japón'),(724,'Emie','Romaguera','(123) 6914-9691','emieromaguera@test.com','Florencia','Italia'),(725,'Pierre','Reynolds','(123) 3564-3172','pierrereynolds@test.com','Londres','Reino Unido'),(726,'Monroe','Botsford','(123) 6514-7746','monroebotsford@test.com','Linz','Austria'),(727,'Guiseppe','King','(123) 8589-1475','guiseppeking@test.com','Río de Janeiro','Brasil'),(728,'Krista','Nader','(123) 4461-6657','kristanader@test.com','La Plata','Argentina'),(729,'Sallie','Greenfelder','(123) 1253-6239','salliegreenfelder@test.com','San Miguelito','Panamá'),(730,'Garret','Rolfson','(123) 8431-6914','garretrolfson@test.com','Toronto','Canadá'),(731,'Dariana','Zieme','(123) 7678-9426','darianazieme@test.com','Sucre','Bolivia'),(732,'Ignatius','Swift','(123) 6152-3985','ignatiusswift@test.com','Venecia','Italia'),(733,'Jordan','Lowe','(123) 7316-7975','jordanlowe@test.com','Oxford','Reino Unido'),(734,'Jeramy','Adams','(123) 4522-7822','jeramyadams@test.com','Barcelona','España'),(735,'Liza','Weimann','(123) 6379-2434','lizaweimann@test.com','Osaka','Japón'),(736,'Juliet','Hickle','(123) 1279-7545','juliethickle@test.com','La Paz','Bolivia'),(737,'Jessika','Langosh','(123) 3287-8431','jessikalangosh@test.com','Nueva York','Estados Unidos'),(738,'Jaida','Turner','(123) 4825-6768','jaidaturner@test.com','Sidney','Australia'),(739,'Vivien','O\'Hara','(123) 6362-9188','vivieno\'hara@test.com','Nueva York','Estados Unidos'),(740,'Rubye','Watsica','(123) 8524-5431','rubyewatsica@test.com','Montreal','Canadá'),(741,'Immanuel','Nienow','(123) 7343-9713','immanuelnienow@test.com','Brasilia','Brasil'),(742,'Ruben','Carter','(123) 9719-6344','rubencarter@test.com','La Plata','Argentina'),(743,'Elvera','Bashirian','(123) 7519-5884','elverabashirian@test.com','Toronto','Canadá'),(744,'Josefina','Yost','(123) 4942-8727','josefinayost@test.com','Melbourne','Australia'),(745,'Helene','Hessel','(123) 2461-3369','helenehessel@test.com','Tijuana','México'),(746,'Rosalinda','Lind','(123) 2915-5155','rosalindalind@test.com','Lucerna','Suiza'),(747,'Hobart','Rosenbaum','(123) 8695-6842','hobartrosenbaum@test.com','Sidney','Australia'),(748,'Garret','Robel','(123) 1477-4732','garretrobel@test.com','Hannover','Alemania'),(749,'Ebony','McClure','(123) 2593-6921','ebonymcclure@test.com','Londres','Reino Unido'),(750,'Janae','Breitenberg','(123) 8871-1112','janaebreitenberg@test.com','Montreal','Canadá'),(751,'Kayla','McLaughlin','(123) 7278-2123','kaylamclaughlin@test.com','Cali','Colombia'),(752,'Jena','O\'Kon','(123) 2914-1251','jenao\'kon@test.com','Viena','Austria'),(753,'Madisyn','Williamson','(123) 5798-1753','madisynwilliamson@test.com','San Miguelito','Panamá'),(754,'Enrique','Ortiz','(123) 2992-1539','enriqueortiz@test.com','Miami','Estados Unidos'),(755,'Guiseppe','Zboncak','(123) 1354-7454','guiseppezboncak@test.com','Roma','Italia'),(756,'Aimee','Yost','(123) 7292-7454','aimeeyost@test.com','Montreal','Canadá'),(757,'Ada','Predovic','(123) 3692-7442','adapredovic@test.com','Tijuana','México'),(758,'Tomas','Mills','(123) 4362-7315','tomasmills@test.com','Miami','Estados Unidos'),(759,'Dillan','Gerhold','(123) 2453-8634','dillangerhold@test.com','Oxford','Reino Unido'),(760,'Marielle','Ebert','(123) 5163-5658','marielleebert@test.com','Río de Janeiro','Brasil'),(761,'Kara','D\'Amore','(123) 5934-4545','karad\'amore@test.com','Kioto','Japón'),(762,'Jamel','Rolfson','(123) 4317-3236','jamelrolfson@test.com','Heredia','Costa Rica'),(763,'Mazie','Romaguera','(123) 3616-8585','mazieromaguera@test.com','Montreal','Canadá'),(764,'Garry','Rowe','(123) 2326-6551','garryrowe@test.com','Bogotá','Colombia'),(765,'Katelin','Hodkiewicz','(123) 9495-8846','katelinhodkiewicz@test.com','Venecia','Italia'),(766,'Joel','Collins','(123) 9649-6496','joelcollins@test.com','Sidney','Australia'),(767,'Ronaldo','Hintz','(123) 1532-8872','ronaldohintz@test.com','Nueva York','Estados Unidos'),(768,'Dalton','Fahey','(123) 4494-4889','daltonfahey@test.com','Madrid','España'),(769,'Bennett','Boyer','(123) 8644-5518','bennettboyer@test.com','Barcelona','España'),(770,'Adrianna','Herman','(123) 1893-5681','adriannaherman@test.com','Barcelona','España'),(771,'Vilma','Casper','(123) 9412-5937','vilmacasper@test.com','Heredia','Costa Rica'),(772,'Tremayne','Okuneva','(123) 5454-5383','tremayneokuneva@test.com','Cali','Colombia'),(773,'Alfreda','Nienow','(123) 1664-1398','alfredanienow@test.com','Sevilla','España'),(774,'Herta','Cremin','(123) 4462-8987','hertacremin@test.com','El Alto','Bolivia'),(775,'Talon','Bayer','(123) 8175-4523','talonbayer@test.com','Osaka','Japón'),(776,'Austin','Mante','(123) 9129-4753','austinmante@test.com','Nueva York','Estados Unidos'),(777,'Waylon','Mraz','(123) 9911-4683','waylonmraz@test.com','Venecia','Italia'),(778,'Josianne','Senger','(123) 1676-8472','josiannesenger@test.com','Montreal','Canadá'),(779,'Tyshawn','Lesch','(123) 6649-7546','tyshawnlesch@test.com','Kioto','Japón'),(780,'Josiah','Donnelly','(123) 7893-5864','josiahdonnelly@test.com','Heredia','Costa Rica'),(781,'Dustin','Daugherty','(123) 3494-4747','dustindaugherty@test.com','Sidney','Australia'),(782,'Georgianna','Koelpin','(123) 5517-4874','georgiannakoelpin@test.com','Graz','Austria'),(783,'Jaylen','Pfeffer','(123) 7697-6289','jaylenpfeffer@test.com','Cartago','Costa Rica'),(784,'Malachi','Gislason','(123) 9914-7343','malachigislason@test.com','Heredia','Costa Rica'),(785,'Orlando','Wintheiser','(123) 8642-5936','orlandowintheiser@test.com','Mendoza','Argentina'),(786,'Sonia','Durgan','(123) 5386-3819','soniadurgan@test.com','Ginebra','Suiza'),(787,'Zaria','Lind','(123) 7546-9823','zarialind@test.com','Sucre','Bolivia'),(788,'Florine','Sipes','(123) 8656-4272','florinesipes@test.com','Londres','Reino Unido'),(789,'Marcel','Schultz','(123) 7842-7114','marcelschultz@test.com','Buenos Aires','Argentina'),(790,'Tamara','Veum','(123) 6839-1475','tamaraveum@test.com','Melbourne','Australia'),(791,'Guillermo','Jast','(123) 4316-9145','guillermojast@test.com','Buenos Aires','Argentina'),(792,'Ethelyn','Lang','(123) 7888-8677','ethelynlang@test.com','Osaka','Japón'),(793,'Alexane','Mante','(123) 2867-7684','alexanemante@test.com','Venecia','Italia'),(794,'Meggie','Erdman','(123) 4769-8451','meggieerdman@test.com','Roma','Italia'),(795,'Kaylie','Fritsch','(123) 7728-6761','kayliefritsch@test.com','Viena','Austria'),(796,'Donnell','Gaylord','(123) 5174-1258','donnellgaylord@test.com','San Francisco','Estados Unidos'),(797,'Augustus','Boyer','(123) 7441-9586','augustusboyer@test.com','Osaka','Japón'),(798,'Reagan','Huels','(123) 4455-2379','reaganhuels@test.com','Medellín','Colombia'),(799,'Margarita','Rosenbaum','(123) 6286-7887','margaritarosenbaum@test.com','Sevilla','España'),(800,'Tierra','Padberg','(123) 1335-8662','tierrapadberg@test.com','Gold Coast','Australia'),(801,'Casper','Walsh','(123) 8991-4773','casperwalsh@test.com','Bogotá','Colombia'),(802,'Alia','Hilpert','(123) 1677-4125','aliahilpert@test.com','Sucre','Bolivia'),(803,'Florian','Bechtelar','(123) 9533-2377','florianbechtelar@test.com','Río de Janeiro','Brasil'),(804,'Zaria','Schowalter','(123) 3548-7273','zariaschowalter@test.com','Hannover','Alemania'),(805,'Kayden','Herzog','(123) 1696-2935','kaydenherzog@test.com','Zúrich','Suiza'),(806,'Josiah','Frami','(123) 6585-2265','josiahframi@test.com','Tijuana','México'),(807,'Vivianne','Pagac','(123) 7982-2333','viviannepagac@test.com','San Miguelito','Panamá'),(808,'Major','Sipes','(123) 5934-2519','majorsipes@test.com','La Paz','Bolivia'),(809,'Brain','White','(123) 6475-5728','brainwhite@test.com','Colón','Panamá'),(810,'Quinn','Sawayn','(123) 8475-1634','quinnsawayn@test.com','Oxford','Reino Unido'),(811,'Annette','Ernser','(123) 1285-8684','annetteernser@test.com','Cali','Colombia'),(812,'Gilbert','Mayer','(123) 5175-3863','gilbertmayer@test.com','Buenos Aires','Argentina'),(813,'Malika','Hessel','(123) 6217-7322','malikahessel@test.com','El Alto','Bolivia'),(814,'Zoey','Rau','(123) 2585-3983','zoeyrau@test.com','Sucre','Bolivia'),(815,'Arnulfo','Schulist','(123) 8642-6554','arnulfoschulist@test.com','Medellín','Colombia'),(816,'Bud','Stark','(123) 3153-2867','budstark@test.com','Río de Janeiro','Brasil'),(817,'Virginie','Hilll','(123) 8293-7755','virginiehilll@test.com','David','Panamá'),(818,'Paxton','Kutch','(123) 8796-2886','paxtonkutch@test.com','Miami','Estados Unidos'),(819,'Adrienne','Rolfson','(123) 6497-7481','adriennerolfson@test.com','Medellín','Colombia'),(820,'Oren','Kessler','(123) 8728-7837','orenkessler@test.com','Cali','Colombia'),(821,'Rylee','Spinka','(123) 1944-5643','ryleespinka@test.com','Toronto','Canadá'),(822,'Kacie','Walter','(123) 9913-1867','kaciewalter@test.com','Gold Coast','Australia'),(823,'Kamron','Konopelski','(123) 8922-3783','kamronkonopelski@test.com','Viena','Austria'),(824,'Hal','Collier','(123) 6483-1268','halcollier@test.com','Linz','Austria'),(825,'Carey','Marquardt','(123) 1963-7497','careymarquardt@test.com','Buenos Aires','Argentina'),(826,'Javier','Howe','(123) 8916-7815','javierhowe@test.com','Porto Alegre','Brasil'),(827,'Reynold','Aufderhar','(123) 6551-1835','reynoldaufderhar@test.com','Montreal','Canadá'),(828,'Diana','Altenwerth','(123) 9216-1348','dianaaltenwerth@test.com','Madrid','España'),(829,'Jaiden','Reichel','(123) 2237-2656','jaidenreichel@test.com','Sevilla','España'),(830,'Junius','Kozey','(123) 5853-8391','juniuskozey@test.com','Graz','Austria'),(831,'Bernita','Runolfsson','(123) 4679-6934','bernitarunolfsson@test.com','Edimburgo','Reino Unido'),(832,'Christa','Marvin','(123) 2536-5518','christamarvin@test.com','Hamburgo','Alemania'),(833,'Irwin','Sipes','(123) 9174-9427','irwinsipes@test.com','Sidney','Australia'),(834,'Marlon','Harber','(123) 1258-9338','marlonharber@test.com','Buenos Aires','Argentina'),(835,'Maybelle','Wintheiser','(123) 3839-1488','maybellewintheiser@test.com','Edimburgo','Reino Unido'),(836,'Catherine','Homenick','(123) 5378-2386','catherinehomenick@test.com','Tijuana','México'),(837,'Cristina','Armstrong','(123) 2364-3998','cristinaarmstrong@test.com','Sevilla','España'),(838,'Creola','Stehr','(123) 6363-6496','creolastehr@test.com','Montreal','Canadá'),(839,'Afton','Lebsack','(123) 3548-7253','aftonlebsack@test.com','Sucre','Bolivia'),(840,'Efrain','Hermiston','(123) 7894-2525','efrainhermiston@test.com','Madrid','España'),(841,'Vicenta','Wehner','(123) 6636-1358','vicentawehner@test.com','Monterrey','México'),(842,'Kaleb','McLaughlin','(123) 3337-7487','kalebmclaughlin@test.com','Toronto','Canadá'),(843,'Christophe','Kub','(123) 4894-1251','christophekub@test.com','Melbourne','Australia'),(844,'Lamont','Wintheiser','(123) 7475-2775','lamontwintheiser@test.com','Mendoza','Argentina'),(845,'Isac','Kemmer','(123) 5929-3616','isackemmer@test.com','Melbourne','Australia'),(846,'Michael','Predovic','(123) 9793-6545','michaelpredovic@test.com','Nueva York','Estados Unidos'),(847,'Jonathan','Trantow','(123) 5936-3378','jonathantrantow@test.com','Londres','Reino Unido'),(848,'Shaun','Heaney','(123) 8732-1894','shaunheaney@test.com','Nueva York','Estados Unidos'),(849,'Sandra','Jacobi','(123) 1964-8243','sandrajacobi@test.com','Melbourne','Australia'),(850,'Dora','Hartmann','(123) 2196-3615','dorahartmann@test.com','Ginebra','Suiza'),(851,'Krystel','Block','(123) 5156-3621','krystelblock@test.com','Hannover','Alemania'),(852,'Hardy','Luettgen','(123) 6151-2455','hardyluettgen@test.com','Florencia','Italia'),(853,'Kennith','Zulauf','(123) 9221-6369','kennithzulauf@test.com','Toronto','Canadá'),(854,'Iliana','Monahan','(123) 1335-6792','ilianamonahan@test.com','Zúrich','Suiza'),(855,'Carmella','Jaskolski','(123) 4272-6432','carmellajaskolski@test.com','San José','Costa Rica'),(856,'Jimmy','Okuneva','(123) 2378-9216','jimmyokuneva@test.com','Buenos Aires','Argentina'),(857,'Amy','Brakus','(123) 2726-6217','amybrakus@test.com','Roma','Italia'),(858,'Jack','McKenzie','(123) 3546-6552','jackmckenzie@test.com','Roma','Italia'),(859,'Danyka','Cole','(123) 4657-3275','danykacole@test.com','San José','Costa Rica'),(860,'Gene','Beier','(123) 3912-6772','genebeier@test.com','El Alto','Bolivia'),(861,'Adolf','Treutel','(123) 1887-2852','adolftreutel@test.com','Miami','Estados Unidos'),(862,'Vita','Considine','(123) 2448-1888','vitaconsidine@test.com','Monterrey','México'),(863,'Mozelle','Herzog','(123) 6616-8452','mozelleherzog@test.com','Oxford','Reino Unido'),(864,'Gilda','Hagenes','(123) 4557-3172','gildahagenes@test.com','Monterrey','México'),(865,'Darrick','Nienow','(123) 9349-7672','darricknienow@test.com','Medellín','Colombia'),(866,'Minnie','Abernathy','(123) 7894-1146','minnieabernathy@test.com','Sidney','Australia'),(867,'Florence','Bruen','(123) 9858-6895','florencebruen@test.com','Río de Janeiro','Brasil'),(868,'Bruce','Hoeger','(123) 7977-5467','brucehoeger@test.com','Brasilia','Brasil'),(869,'Wendell','Schroeder','(123) 6168-3129','wendellschroeder@test.com','Medellín','Colombia'),(870,'Micheal','Abshire','(123) 3635-5816','michealabshire@test.com','David','Panamá'),(871,'Elroy','Weimann','(123) 7183-9831','elroyweimann@test.com','San Francisco','Estados Unidos'),(872,'Leann','Grady','(123) 4822-4538','leanngrady@test.com','Londres','Reino Unido'),(873,'Omari','Turner','(123) 2642-6817','omariturner@test.com','Viena','Austria'),(874,'Mattie','Langworth','(123) 7494-1329','mattielangworth@test.com','Bogotá','Colombia'),(875,'Dolores','Harber','(123) 1747-4194','doloresharber@test.com','Tijuana','México'),(876,'Karlie','VonRueden','(123) 2858-1666','karlievonrueden@test.com','Barcelona','España'),(877,'Delta','Schinner','(123) 3381-6336','deltaschinner@test.com','Venecia','Italia'),(878,'Lucile','Hamill','(123) 1527-7887','lucilehamill@test.com','Florencia','Italia'),(879,'Annabel','Goodwin','(123) 1278-3982','annabelgoodwin@test.com','Cali','Colombia'),(880,'Julius','Christiansen','(123) 4334-2872','juliuschristiansen@test.com','Medellín','Colombia'),(881,'Francisca','Parisian','(123) 4488-1418','franciscaparisian@test.com','Hannover','Alemania'),(882,'Muriel','Waters','(123) 1736-2872','murielwaters@test.com','Guadalajara','México'),(883,'Hans','Murazik','(123) 5937-5435','hansmurazik@test.com','Tokio','Japón'),(884,'Eliza','Mann','(123) 7119-5659','elizamann@test.com','Guadalajara','México'),(885,'Helena','Douglas','(123) 1361-4748','helenadouglas@test.com','Lucerna','Suiza'),(886,'Velda','Kessler','(123) 8153-2169','veldakessler@test.com','Viena','Austria'),(887,'Viva','Emard','(123) 9838-4355','vivaemard@test.com','El Alto','Bolivia'),(888,'Jessy','Lebsack','(123) 2421-4184','jessylebsack@test.com','Melbourne','Australia'),(889,'Sydnee','Ferry','(123) 1315-5887','sydneeferry@test.com','Oxford','Reino Unido'),(890,'Heath','Erdman','(123) 8163-2364','heatherdman@test.com','Vancouver','Canadá'),(891,'Luigi','Smith','(123) 9617-2683','luigismith@test.com','Mendoza','Argentina'),(892,'Glenda','Stoltenberg','(123) 8266-1489','glendastoltenberg@test.com','Edimburgo','Reino Unido'),(893,'Cleve','O\'Conner','(123) 3599-9126','cleveo\'conner@test.com','Río de Janeiro','Brasil'),(894,'Abdul','Borer','(123) 8112-5879','abdulborer@test.com','Bogotá','Colombia'),(895,'Vesta','Walter','(123) 8399-6241','vestawalter@test.com','Tokio','Japón'),(896,'Darian','Bernier','(123) 4545-2636','darianbernier@test.com','Florencia','Italia'),(897,'Blake','Nolan','(123) 4839-8372','blakenolan@test.com','Montreal','Canadá'),(898,'Omari','Russel','(123) 4488-1411','omarirussel@test.com','Berlin','Alemania'),(899,'Amaya','Ruecker','(123) 1139-8637','amayaruecker@test.com','Oxford','Reino Unido'),(900,'Kristin','Quigley','(123) 8941-2657','kristinquigley@test.com','Mendoza','Argentina'),(901,'Nora','Smith','(123) 1134-8396','norasmith@test.com','Heredia','Costa Rica'),(902,'Emmanuel','Vandervort','(123) 1886-5871','emmanuelvandervort@test.com','Hannover','Alemania'),(903,'Alek','Wiegand','(123) 2738-5243','alekwiegand@test.com','Montreal','Canadá'),(904,'Glenda','Lynch','(123) 1539-9965','glendalynch@test.com','Sidney','Australia'),(905,'Agustin','Reinger','(123) 6613-6165','agustinreinger@test.com','Graz','Austria'),(906,'Adaline','Marks','(123) 1754-2936','adalinemarks@test.com','Heredia','Costa Rica'),(907,'Jaycee','Rutherford','(123) 3564-4698','jayceerutherford@test.com','Toronto','Canadá'),(908,'Erich','Langosh','(123) 2588-5177','erichlangosh@test.com','San Miguelito','Panamá'),(909,'Nat','Ziemann','(123) 3531-3563','natziemann@test.com','Sevilla','España'),(910,'Vivianne','Russel','(123) 8226-5656','viviannerussel@test.com','Cali','Colombia'),(911,'Kristoffer','Steuber','(123) 4455-2182','kristoffersteuber@test.com','Graz','Austria'),(912,'Nya','Bartoletti','(123) 1892-2397','nyabartoletti@test.com','Florencia','Italia'),(913,'Wilber','Roberts','(123) 1245-3837','wilberroberts@test.com','Roma','Italia'),(914,'Modesta','Zulauf','(123) 2663-6991','modestazulauf@test.com','Bogotá','Colombia'),(915,'Esteban','Corkery','(123) 2155-9225','estebancorkery@test.com','Londres','Reino Unido'),(916,'Janice','Kuhn','(123) 7267-8915','janicekuhn@test.com','Monterrey','México'),(917,'Fleta','Yundt','(123) 5746-8573','fletayundt@test.com','Roma','Italia'),(918,'Jack','McDermott','(123) 2243-3431','jackmcdermott@test.com','Cartago','Costa Rica'),(919,'Adonis','Wisoky','(123) 4113-9827','adoniswisoky@test.com','Melbourne','Australia'),(920,'Elinor','Kuhic','(123) 1253-7741','elinorkuhic@test.com','San José','Costa Rica'),(921,'Myrtle','Schroeder','(123) 9896-9269','myrtleschroeder@test.com','Nueva York','Estados Unidos'),(922,'Alejandra','Lehner','(123) 5948-3796','alejandralehner@test.com','Sidney','Australia'),(923,'Verdie','Lynch','(123) 1691-1393','verdielynch@test.com','Heredia','Costa Rica'),(924,'Elijah','Tromp','(123) 5678-7264','elijahtromp@test.com','Linz','Austria'),(925,'Murl','Kuhic','(123) 4818-9154','murlkuhic@test.com','Hannover','Alemania'),(926,'Stuart','Romaguera','(123) 3343-1611','stuartromaguera@test.com','Kioto','Japón'),(927,'Olen','Feeney','(123) 3489-3449','olenfeeney@test.com','David','Panamá'),(928,'Elisabeth','Armstrong','(123) 3554-3355','elisabetharmstrong@test.com','David','Panamá'),(929,'Taurean','Beatty','(123) 3642-5948','taureanbeatty@test.com','Zúrich','Suiza'),(930,'Lacey','Stanton','(123) 3113-4247','laceystanton@test.com','Tokio','Japón'),(931,'Amalia','Jacobi','(123) 2542-8472','amaliajacobi@test.com','Gold Coast','Australia'),(932,'Randi','Larson','(123) 6845-4254','randilarson@test.com','Medellín','Colombia'),(933,'Genesis','Mann','(123) 2885-1565','genesismann@test.com','Edimburgo','Reino Unido'),(934,'Dan','Bruen','(123) 5195-6584','danbruen@test.com','Kioto','Japón'),(935,'Jaiden','Balistreri','(123) 6912-8469','jaidenbalistreri@test.com','Hannover','Alemania'),(936,'Nicole','Ritchie','(123) 6614-6151','nicoleritchie@test.com','Linz','Austria'),(937,'Lia','Tromp','(123) 1842-7134','liatromp@test.com','San Miguelito','Panamá'),(938,'Clifford','Wyman','(123) 8176-6363','cliffordwyman@test.com','Gold Coast','Australia'),(939,'Chance','West','(123) 5539-7894','chancewest@test.com','El Alto','Bolivia'),(940,'Augusta','Grady','(123) 8937-8169','augustagrady@test.com','Sevilla','España'),(941,'Amie','Macejkovic','(123) 7126-6338','amiemacejkovic@test.com','Guadalajara','México'),(942,'Kayden','Rodriguez','(123) 2637-8751','kaydenrodriguez@test.com','Nueva York','Estados Unidos'),(943,'Garth','Weber','(123) 9648-2258','garthweber@test.com','Buenos Aires','Argentina'),(944,'Alisha','Stracke','(123) 6579-6544','alishastracke@test.com','Monterrey','México'),(945,'Frederick','Johnson','(123) 7671-8245','frederickjohnson@test.com','Brasilia','Brasil'),(946,'Rodrigo','Skiles','(123) 1893-4336','rodrigoskiles@test.com','Bogotá','Colombia'),(947,'Jess','Hahn','(123) 9293-3796','jesshahn@test.com','Zúrich','Suiza'),(948,'Savanah','Rath','(123) 1727-3369','savanahrath@test.com','Porto Alegre','Brasil'),(949,'Zachary','Smitham','(123) 1651-6857','zacharysmitham@test.com','Graz','Austria'),(950,'Lemuel','Rosenbaum','(123) 4559-4893','lemuelrosenbaum@test.com','San Miguelito','Panamá'),(951,'Georgianna','Franecki','(123) 6424-4755','georgiannafranecki@test.com','Porto Alegre','Brasil'),(952,'Annabell','Rowe','(123) 1886-6358','annabellrowe@test.com','Madrid','España'),(953,'Consuelo','Nolan','(123) 5873-3571','consuelonolan@test.com','Lucerna','Suiza'),(954,'Alfonzo','Lubowitz','(123) 3287-3167','alfonzolubowitz@test.com','Zúrich','Suiza'),(955,'Caroline','Trantow','(123) 8886-6424','carolinetrantow@test.com','Heredia','Costa Rica'),(956,'Hassie','Hand','(123) 5573-3379','hassiehand@test.com','Porto Alegre','Brasil'),(957,'Alexzander','Deckow','(123) 4964-9648','alexzanderdeckow@test.com','Kioto','Japón'),(958,'Bridgette','Haley','(123) 1975-5993','bridgettehaley@test.com','San Miguelito','Panamá'),(959,'Domenick','Keeling','(123) 4114-7354','domenickkeeling@test.com','La Paz','Bolivia'),(960,'Melba','Turcotte','(123) 4181-8868','melbaturcotte@test.com','Tokio','Japón'),(961,'Jose','Little','(123) 2515-6425','joselittle@test.com','Bogotá','Colombia'),(962,'Eula','Orn','(123) 9362-8992','eulaorn@test.com','El Alto','Bolivia'),(963,'Judson','Bogan','(123) 8542-5397','judsonbogan@test.com','El Alto','Bolivia'),(964,'Lorenza','Veum','(123) 1822-3217','lorenzaveum@test.com','Lucerna','Suiza'),(965,'Duncan','Cremin','(123) 3173-1728','duncancremin@test.com','Brasilia','Brasil'),(966,'Justyn','Rutherford','(123) 6431-7336','justynrutherford@test.com','Miami','Estados Unidos'),(967,'Rosalinda','Smith','(123) 2237-7685','rosalindasmith@test.com','Heredia','Costa Rica'),(968,'Ima','Schinner','(123) 7128-5162','imaschinner@test.com','Tokio','Japón'),(969,'Garrick','Koelpin','(123) 7474-6971','garrickkoelpin@test.com','Monterrey','México'),(970,'Alfredo','Leannon','(123) 9822-5872','alfredoleannon@test.com','Linz','Austria'),(971,'Courtney','Hirthe','(123) 6819-7545','courtneyhirthe@test.com','San José','Costa Rica'),(972,'Scot','Zieme','(123) 3845-2521','scotzieme@test.com','Roma','Italia'),(973,'Johnathon','Ullrich','(123) 8899-9712','johnathonullrich@test.com','Cali','Colombia'),(974,'Raquel','Beer','(123) 6753-9131','raquelbeer@test.com','Osaka','Japón'),(975,'Faustino','Lynch','(123) 8733-4132','faustinolynch@test.com','Brasilia','Brasil'),(976,'Flavio','Torphy','(123) 8544-8156','flaviotorphy@test.com','Oxford','Reino Unido'),(977,'Florence','Bechtelar','(123) 5725-1616','florencebechtelar@test.com','Tokio','Japón'),(978,'Johnathon','Hansen','(123) 6571-9896','johnathonhansen@test.com','Brasilia','Brasil'),(979,'Maci','Berge','(123) 9997-7482','maciberge@test.com','Brasilia','Brasil'),(980,'Abbie','Medhurst','(123) 2326-9824','abbiemedhurst@test.com','Bogotá','Colombia'),(981,'Sarina','Kessler','(123) 3565-5212','sarinakessler@test.com','Gold Coast','Australia'),(982,'Frieda','Hintz','(123) 5815-3132','friedahintz@test.com','Cartago','Costa Rica'),(983,'Lemuel','Homenick','(123) 3964-1132','lemuelhomenick@test.com','Colón','Panamá'),(984,'Jaquan','Lynch','(123) 9289-2879','jaquanlynch@test.com','Nueva York','Estados Unidos'),(985,'Autumn','Kuhic','(123) 8197-7317','autumnkuhic@test.com','Colón','Panamá'),(986,'Devyn','Marquardt','(123) 5263-4481','devynmarquardt@test.com','Londres','Reino Unido'),(987,'Courtney','Adams','(123) 7329-1885','courtneyadams@test.com','Sucre','Bolivia'),(988,'Milford','Christiansen','(123) 1821-7665','milfordchristiansen@test.com','Heredia','Costa Rica'),(989,'Gloria','Lang','(123) 5218-1747','glorialang@test.com','Montreal','Canadá'),(990,'Forest','Jakubowski','(123) 4943-2899','forestjakubowski@test.com','Hamburgo','Alemania'),(991,'Natalia','Hayes','(123) 2732-2312','nataliahayes@test.com','Miami','Estados Unidos'),(992,'Osbaldo','Ledner','(123) 6622-2642','osbaldoledner@test.com','Gold Coast','Australia'),(993,'Nico','Greenfelder','(123) 7811-1978','nicogreenfelder@test.com','Río de Janeiro','Brasil'),(994,'Stephania','Fay','(123) 9338-3977','stephaniafay@test.com','San Francisco','Estados Unidos'),(995,'Candido','Reichert','(123) 4955-2398','candidoreichert@test.com','Sevilla','España'),(996,'Don','Dach','(123) 5175-1962','dondach@test.com','Roma','Italia'),(997,'Elenora','Schroeder','(123) 1565-4872','elenoraschroeder@test.com','Sevilla','España'),(998,'Tremaine','Koelpin','(123) 8517-5586','tremainekoelpin@test.com','David','Panamá'),(999,'Yessenia','Jenkins','(123) 4315-5154','yesseniajenkins@test.com','Gold Coast','Australia'),(1000,'Karlee','Heller','(123) 4961-3548','karleeheller@test.com','Berlin','Alemania');
/*!40000 ALTER TABLE `cliente` ENABLE KEYS */;
UNLOCK TABLES;

--
-- Table structure for table `departamento`
--

DROP TABLE IF EXISTS `departamento`;
/*!40101 SET @saved_cs_client     = @@character_set_client */;
/*!50503 SET character_set_client = utf8mb4 */;
CREATE TABLE `departamento` (
  `idDepartamento` mediumint unsigned NOT NULL AUTO_INCREMENT,
  `nombre` varchar(45) NOT NULL,
  PRIMARY KEY (`idDepartamento`)
) ENGINE=InnoDB AUTO_INCREMENT=4 DEFAULT CHARSET=utf8mb4 COLLATE=utf8mb4_0900_ai_ci;
/*!40101 SET character_set_client = @saved_cs_client */;

--
-- Dumping data for table `departamento`
--

LOCK TABLES `departamento` WRITE;
/*!40000 ALTER TABLE `departamento` DISABLE KEYS */;
INSERT INTO `departamento` VALUES (1,'Refrigerado'),(2,'Verduras y frutas'),(3,'Góndolas');
/*!40000 ALTER TABLE `departamento` ENABLE KEYS */;
UNLOCK TABLES;

--
-- Table structure for table `empleado`
--

DROP TABLE IF EXISTS `empleado`;
/*!40101 SET @saved_cs_client     = @@character_set_client */;
/*!50503 SET character_set_client = utf8mb4 */;
CREATE TABLE `empleado` (
  `idEmpleado` mediumint unsigned NOT NULL AUTO_INCREMENT,
  `nombre` varchar(45) NOT NULL,
  `apellido` varchar(45) NOT NULL,
  `fechaIngreso` datetime NOT NULL,
  `fechaNacimiento` datetime NOT NULL,
  `sexo` enum('masculino','femenino') NOT NULL,
  `email` varchar(45) NOT NULL,
  `salario` decimal(10,2) unsigned NOT NULL,
  `idDepartamento` mediumint unsigned NOT NULL,
  PRIMARY KEY (`idEmpleado`)
) ENGINE=InnoDB AUTO_INCREMENT=501 DEFAULT CHARSET=utf8mb4 COLLATE=utf8mb4_0900_ai_ci;
/*!40101 SET character_set_client = @saved_cs_client */;

--
-- Dumping data for table `empleado`
--

LOCK TABLES `empleado` WRITE;
/*!40000 ALTER TABLE `empleado` DISABLE KEYS */;
INSERT INTO `empleado` VALUES (1,'Erik','Loiseau','2020-05-19 00:00:00','1989-02-13 00:00:00','masculino','erikloiseau@tienda.com',624.71,2),(2,'Siouxie','Jenny','2018-08-08 00:00:00','1999-11-08 00:00:00','femenino','siouxiejenny@tienda.com',1089.54,1),(3,'Edgar','Papa','2018-10-12 00:00:00','1990-03-10 00:00:00','masculino','edgarpapa@tienda.com',716.16,2),(4,'Bruce','Hastewell','2019-05-31 00:00:00','1987-04-22 00:00:00','masculino','brucehastewell@tienda.com',1397.19,3),(5,'Selby','Orto','2019-09-08 00:00:00','1981-04-09 00:00:00','masculino','selbyorto@tienda.com',1488.11,3),(6,'Cari','Schwandner','2020-07-28 00:00:00','1974-04-14 00:00:00','femenino','carischwandner@tienda.com',1407.98,3),(7,'Joana','Addess','2020-07-26 00:00:00','1990-11-14 00:00:00','femenino','joanaaddess@tienda.com',998.23,3),(8,'Sal','Bedome','2020-09-13 00:00:00','1974-08-08 00:00:00','femenino','salbedome@tienda.com',785.26,1),(9,'Celestine','Shall','2020-03-10 00:00:00','1990-02-12 00:00:00','femenino','celestineshall@tienda.com',1057.26,2),(10,'Frederick','Gummoe','2018-08-03 00:00:00','1977-04-15 00:00:00','masculino','frederickgummoe@tienda.com',1240.15,2),(11,'Jamil','Dunridge','2020-06-13 00:00:00','1971-01-17 00:00:00','masculino','jamildunridge@tienda.com',510.41,1),(12,'Stacy','Thripp','2020-05-05 00:00:00','1991-03-28 00:00:00','masculino','stacythripp@tienda.com',1331.11,3),(13,'Erin','Skerm','2019-03-29 00:00:00','1972-04-05 00:00:00','femenino','erinskerm@tienda.com',844.10,1),(14,'Sidonia','Basden','2018-03-12 00:00:00','1973-04-21 00:00:00','femenino','sidoniabasden@tienda.com',674.41,1),(15,'Victoir','MacAscaidh','2020-06-09 00:00:00','1999-11-01 00:00:00','masculino','victoirmacascaidh@tienda.com',707.02,1),(16,'Thomas','Wroath','2018-09-30 00:00:00','1982-02-17 00:00:00','masculino','thomaswroath@tienda.com',934.63,2),(17,'Samson','Menlow','2019-02-19 00:00:00','1983-08-18 00:00:00','masculino','samsonmenlow@tienda.com',686.91,2),(18,'Hart','Mosco','2019-03-11 00:00:00','1982-03-16 00:00:00','masculino','hartmosco@tienda.com',1491.99,2),(19,'Otto','Assinder','2018-06-12 00:00:00','1993-08-15 00:00:00','masculino','ottoassinder@tienda.com',840.33,3),(20,'Clement','Georg','2018-03-27 00:00:00','1987-01-28 00:00:00','masculino','clementgeorg@tienda.com',1123.63,1),(21,'Alfie','Stille','2019-05-19 00:00:00','1971-12-22 00:00:00','femenino','alfiestille@tienda.com',1091.91,1),(22,'Britt','Jensen','2018-10-30 00:00:00','1999-06-09 00:00:00','masculino','brittjensen@tienda.com',1479.60,2),(23,'Skipp','Blastock','2018-12-19 00:00:00','1974-04-08 00:00:00','masculino','skippblastock@tienda.com',1040.80,1),(24,'Corbin','Mashal','2018-05-17 00:00:00','1973-07-15 00:00:00','masculino','corbinmashal@tienda.com',1242.63,2),(25,'Grantham','Lodge','2020-01-14 00:00:00','1976-11-16 00:00:00','masculino','granthamlodge@tienda.com',1248.84,3),(26,'Zondra','Trighton','2018-04-12 00:00:00','1974-04-20 00:00:00','femenino','zondratrighton@tienda.com',1427.15,1),(27,'Joshuah','Cassar','2019-09-05 00:00:00','1976-10-08 00:00:00','masculino','joshuahcassar@tienda.com',1218.36,2),(28,'Xylina','Lanfear','2018-12-19 00:00:00','1988-05-01 00:00:00','femenino','xylinalanfear@tienda.com',1267.02,2),(29,'Rosalynd','Jellyman','2019-03-05 00:00:00','1986-01-01 00:00:00','femenino','rosalyndjellyman@tienda.com',918.96,2),(30,'Juliane','Roads','2019-01-01 00:00:00','1985-09-09 00:00:00','femenino','julianeroads@tienda.com',1158.44,3),(31,'Cullen','Krop','2018-02-02 00:00:00','1985-12-16 00:00:00','masculino','cullenkrop@tienda.com',1122.34,3),(32,'Franz','Gauche','2018-08-15 00:00:00','1974-05-31 00:00:00','masculino','franzgauche@tienda.com',681.19,3),(33,'Beverlie','Iacovacci','2018-01-24 00:00:00','1980-03-04 00:00:00','femenino','beverlieiacovacci@tienda.com',745.91,1),(34,'Nappy','Domeny','2018-02-06 00:00:00','1974-07-11 00:00:00','masculino','nappydomeny@tienda.com',717.67,1),(35,'Caldwell','Falla','2020-02-17 00:00:00','1997-06-10 00:00:00','masculino','caldwellfalla@tienda.com',979.57,1),(36,'Karalynn','Holley','2019-03-07 00:00:00','1980-01-13 00:00:00','femenino','karalynnholley@tienda.com',1201.88,2),(37,'Celie','Levesley','2019-10-09 00:00:00','1971-01-14 00:00:00','femenino','celielevesley@tienda.com',729.56,2),(38,'Dalli','Reeme','2018-09-03 00:00:00','1971-03-08 00:00:00','masculino','dallireeme@tienda.com',1258.67,1),(39,'Geno','Harry','2018-01-16 00:00:00','1996-04-17 00:00:00','masculino','genoharry@tienda.com',1466.27,3),(40,'Emilia','Coakley','2020-02-08 00:00:00','1985-07-24 00:00:00','femenino','emiliacoakley@tienda.com',613.83,1),(41,'Curran','Mauchline','2019-12-15 00:00:00','1985-04-03 00:00:00','masculino','curranmauchline@tienda.com',694.52,2),(42,'Bertie','Curston','2020-08-24 00:00:00','1978-09-28 00:00:00','femenino','bertiecurston@tienda.com',1422.89,1),(43,'Gail','Heliar','2018-01-15 00:00:00','1970-03-18 00:00:00','femenino','gailheliar@tienda.com',1037.63,2),(44,'Artemis','Di Franceschi','2020-07-22 00:00:00','1991-07-17 00:00:00','masculino','artemisdi franceschi@tienda.com',561.11,1),(45,'Leland','Marryatt','2018-07-28 00:00:00','1994-06-12 00:00:00','masculino','lelandmarryatt@tienda.com',1200.70,3),(46,'Moyra','Greyes','2020-05-09 00:00:00','1990-03-09 00:00:00','femenino','moyragreyes@tienda.com',919.75,1),(47,'Clayson','McCurlye','2019-02-24 00:00:00','1988-06-04 00:00:00','masculino','claysonmccurlye@tienda.com',972.31,1),(48,'Elli','Greenlees','2018-02-01 00:00:00','1997-03-02 00:00:00','femenino','elligreenlees@tienda.com',944.41,3),(49,'Laurice','Beaver','2019-07-19 00:00:00','1986-06-01 00:00:00','femenino','lauricebeaver@tienda.com',1222.51,2),(50,'Zared','Adess','2019-04-25 00:00:00','1973-06-08 00:00:00','masculino','zaredadess@tienda.com',1325.81,2),(51,'Amara','Prescot','2020-02-07 00:00:00','1972-04-11 00:00:00','femenino','amaraprescot@tienda.com',654.40,1),(52,'Natale','Cunnington','2018-04-18 00:00:00','1997-04-08 00:00:00','masculino','natalecunnington@tienda.com',1414.51,2),(53,'Harli','Espadate','2020-04-27 00:00:00','1988-12-14 00:00:00','femenino','harliespadate@tienda.com',1201.49,1),(54,'Joby','Le Blanc','2019-12-10 00:00:00','1984-05-07 00:00:00','femenino','jobyle blanc@tienda.com',1127.78,1),(55,'Dorolice','McClarence','2018-10-07 00:00:00','1995-04-14 00:00:00','femenino','dorolicemcclarence@tienda.com',1378.36,2),(56,'Martguerita','Fisk','2019-11-23 00:00:00','1974-08-18 00:00:00','femenino','martgueritafisk@tienda.com',861.43,3),(57,'Xenos','Flament','2019-02-17 00:00:00','1989-05-24 00:00:00','masculino','xenosflament@tienda.com',1487.55,1),(58,'Drusy','Coleyshaw','2018-01-23 00:00:00','1991-10-13 00:00:00','femenino','drusycoleyshaw@tienda.com',1197.56,1),(59,'Seth','Tchir','2020-08-28 00:00:00','1993-12-15 00:00:00','masculino','sethtchir@tienda.com',1306.20,1),(60,'Annis','Carff','2019-12-29 00:00:00','1994-10-28 00:00:00','femenino','anniscarff@tienda.com',1072.49,3),(61,'Fonzie','Simmings','2019-03-28 00:00:00','1993-03-15 00:00:00','masculino','fonziesimmings@tienda.com',662.58,2),(62,'Veronique','Halwell','2019-05-28 00:00:00','1981-09-05 00:00:00','femenino','veroniquehalwell@tienda.com',560.99,1),(63,'Loren','Dumbrill','2019-02-19 00:00:00','1985-06-02 00:00:00','masculino','lorendumbrill@tienda.com',1084.72,3),(64,'Norby','Ebden','2018-09-06 00:00:00','1974-08-05 00:00:00','masculino','norbyebden@tienda.com',1392.53,3),(65,'Clara','MacKimm','2019-05-29 00:00:00','1972-11-11 00:00:00','femenino','claramackimm@tienda.com',702.06,3),(66,'Margret','Feldberger','2019-07-07 00:00:00','1983-12-13 00:00:00','femenino','margretfeldberger@tienda.com',1136.89,3),(67,'Dan','Banville','2020-04-06 00:00:00','1999-09-27 00:00:00','masculino','danbanville@tienda.com',1336.12,3),(68,'Gertruda','Bibb','2020-06-30 00:00:00','1987-05-19 00:00:00','femenino','gertrudabibb@tienda.com',527.65,2),(69,'Abeu','Anyon','2019-02-16 00:00:00','1975-09-29 00:00:00','masculino','abeuanyon@tienda.com',1393.10,2),(70,'Marjy','Shevels','2019-08-22 00:00:00','1986-11-08 00:00:00','femenino','marjyshevels@tienda.com',1373.38,3),(71,'Kearney','Harrington','2018-08-14 00:00:00','1983-11-08 00:00:00','masculino','kearneyharrington@tienda.com',966.68,1),(72,'Bobine','Copin','2020-03-07 00:00:00','1973-02-04 00:00:00','femenino','bobinecopin@tienda.com',820.09,3),(73,'Elfie','Dawid','2018-05-24 00:00:00','1978-08-12 00:00:00','femenino','elfiedawid@tienda.com',662.76,1),(74,'Judie','Kilgannon','2018-06-05 00:00:00','1985-05-19 00:00:00','femenino','judiekilgannon@tienda.com',1125.18,1),(75,'Dee','Spinetti','2018-10-12 00:00:00','1980-04-20 00:00:00','femenino','deespinetti@tienda.com',602.94,1),(76,'Bevon','Spillard','2020-04-10 00:00:00','1974-05-09 00:00:00','masculino','bevonspillard@tienda.com',1262.92,1),(77,'Louisette','Doige','2018-12-26 00:00:00','1977-11-16 00:00:00','femenino','louisettedoige@tienda.com',1223.10,1),(78,'Chloe','Houson','2018-10-02 00:00:00','1999-07-20 00:00:00','femenino','chloehouson@tienda.com',1372.96,2),(79,'Sandro','Keller','2020-07-18 00:00:00','1993-03-23 00:00:00','masculino','sandrokeller@tienda.com',565.92,2),(80,'Rickert','Shallcross','2020-06-25 00:00:00','1975-03-05 00:00:00','masculino','rickertshallcross@tienda.com',1165.51,1),(81,'Parke','Claire','2018-09-14 00:00:00','1973-05-23 00:00:00','masculino','parkeclaire@tienda.com',823.58,2),(82,'Gallagher','Wison','2020-01-27 00:00:00','1973-06-14 00:00:00','masculino','gallagherwison@tienda.com',1446.38,3),(83,'Drugi','Hughs','2019-10-13 00:00:00','1985-05-29 00:00:00','masculino','drugihughs@tienda.com',1344.60,1),(84,'Liz','Mewburn','2018-10-31 00:00:00','1980-01-10 00:00:00','femenino','lizmewburn@tienda.com',1147.28,3),(85,'Perice','OLennachain','2018-12-04 00:00:00','1970-12-29 00:00:00','masculino','periceolennachain@tienda.com',889.59,3),(86,'Hermie','Coldbath','2019-08-26 00:00:00','1982-01-18 00:00:00','masculino','hermiecoldbath@tienda.com',1185.99,1),(87,'Fredrick','Erskine','2019-10-15 00:00:00','1999-11-27 00:00:00','masculino','fredrickerskine@tienda.com',691.67,3),(88,'Hilde','Sherlaw','2019-07-02 00:00:00','1990-10-04 00:00:00','femenino','hildesherlaw@tienda.com',1210.90,1),(89,'Nikolaus','Murford','2018-11-02 00:00:00','1980-03-04 00:00:00','masculino','nikolausmurford@tienda.com',1238.18,3),(90,'Lyn','Bone','2019-06-21 00:00:00','1971-05-09 00:00:00','masculino','lynbone@tienda.com',1398.01,1),(91,'Rollo','Mathys','2020-07-19 00:00:00','1977-08-14 00:00:00','masculino','rollomathys@tienda.com',1144.95,1),(92,'Horton','Anthon','2019-08-24 00:00:00','1989-10-25 00:00:00','masculino','hortonanthon@tienda.com',1497.17,2),(93,'Ray','Simkins','2019-07-03 00:00:00','1985-07-10 00:00:00','masculino','raysimkins@tienda.com',1333.46,3),(94,'Franky','Brigshaw','2020-02-16 00:00:00','1994-10-02 00:00:00','femenino','frankybrigshaw@tienda.com',599.12,2),(95,'Onfre','MacAne','2019-03-25 00:00:00','1978-10-25 00:00:00','masculino','onfremacane@tienda.com',752.14,1),(96,'Skipper','Kadar','2018-02-23 00:00:00','1997-09-02 00:00:00','masculino','skipperkadar@tienda.com',1480.10,3),(97,'Maressa','Nezey','2019-11-20 00:00:00','1990-06-26 00:00:00','femenino','maressanezey@tienda.com',1210.07,3),(98,'Ajay','Carnduff','2020-04-20 00:00:00','1994-11-22 00:00:00','femenino','ajaycarnduff@tienda.com',531.16,2),(99,'Lemar','Calladine','2020-07-14 00:00:00','1992-09-13 00:00:00','masculino','lemarcalladine@tienda.com',1288.02,2),(100,'Leoine','MacVean','2018-04-29 00:00:00','1988-03-29 00:00:00','femenino','leoinemacvean@tienda.com',983.02,1),(101,'Danya','Winslet','2019-11-22 00:00:00','1997-03-02 00:00:00','masculino','danyawinslet@tienda.com',1480.72,3),(102,'Jyoti','Brok','2020-03-29 00:00:00','1998-05-26 00:00:00','femenino','jyotibrok@tienda.com',1354.61,2),(103,'Lorianna','Whitebrook','2019-11-10 00:00:00','1989-08-21 00:00:00','femenino','loriannawhitebrook@tienda.com',1053.79,2),(104,'Zackariah','Eplett','2020-08-03 00:00:00','1981-11-17 00:00:00','masculino','zackariaheplett@tienda.com',1224.20,2),(105,'Joelle','Cline','2019-05-26 00:00:00','1974-12-18 00:00:00','femenino','joellecline@tienda.com',1018.12,2),(106,'Jackelyn','Lenz','2019-10-03 00:00:00','1974-07-30 00:00:00','femenino','jackelynlenz@tienda.com',1031.09,1),(107,'Benita','Broxholme','2019-02-22 00:00:00','1995-11-22 00:00:00','femenino','benitabroxholme@tienda.com',1025.21,2),(108,'Ware','Prinn','2018-10-21 00:00:00','1973-07-31 00:00:00','masculino','wareprinn@tienda.com',654.68,3),(109,'Adlai','St. Queintain','2020-08-22 00:00:00','1990-06-10 00:00:00','masculino','adlaist. queintain@tienda.com',887.10,1),(110,'Justen','Cogan','2020-09-14 00:00:00','1970-06-04 00:00:00','masculino','justencogan@tienda.com',509.48,2),(111,'Chariot','Arch','2019-08-19 00:00:00','1984-04-27 00:00:00','masculino','chariotarch@tienda.com',810.31,3),(112,'Pebrook','Wooles','2018-08-13 00:00:00','1981-04-19 00:00:00','masculino','pebrookwooles@tienda.com',1435.21,1),(113,'Sidney','De Luna','2020-08-01 00:00:00','1985-07-08 00:00:00','masculino','sidneyde luna@tienda.com',1135.13,1),(114,'Eleen','Finnan','2019-11-30 00:00:00','1985-09-03 00:00:00','femenino','eleenfinnan@tienda.com',1297.83,3),(115,'Alexandr','Knappe','2019-02-14 00:00:00','1990-10-14 00:00:00','masculino','alexandrknappe@tienda.com',710.58,1),(116,'Dacia','Sayle','2019-04-19 00:00:00','1999-12-17 00:00:00','femenino','daciasayle@tienda.com',606.86,1),(117,'Crystal','Broderick','2020-06-27 00:00:00','1999-02-28 00:00:00','femenino','crystalbroderick@tienda.com',1337.77,3),(118,'Van','Raffeorty','2018-07-01 00:00:00','1978-09-02 00:00:00','femenino','vanraffeorty@tienda.com',962.88,2),(119,'Elbert','Brammar','2019-07-17 00:00:00','1993-05-16 00:00:00','masculino','elbertbrammar@tienda.com',1335.19,2),(120,'Delmar','von Grollmann','2020-06-08 00:00:00','1980-09-04 00:00:00','masculino','delmarvon grollmann@tienda.com',777.36,2),(121,'Lanny','Taffrey','2018-08-19 00:00:00','1985-08-04 00:00:00','femenino','lannytaffrey@tienda.com',1276.14,1),(122,'Nelson','Littlejohn','2019-11-14 00:00:00','1978-11-03 00:00:00','masculino','nelsonlittlejohn@tienda.com',1046.36,3),(123,'Bennie','Siddens','2020-02-17 00:00:00','1987-05-04 00:00:00','femenino','benniesiddens@tienda.com',822.54,1),(124,'Cosetta','Wardingly','2020-01-07 00:00:00','1979-07-17 00:00:00','femenino','cosettawardingly@tienda.com',1001.03,3),(125,'Murray','Gilardoni','2019-06-06 00:00:00','1973-09-01 00:00:00','masculino','murraygilardoni@tienda.com',964.92,3),(126,'Grayce','Barney','2018-07-22 00:00:00','1977-07-19 00:00:00','femenino','graycebarney@tienda.com',1018.60,2),(127,'Tiphanie','Dane','2019-05-09 00:00:00','1994-03-10 00:00:00','femenino','tiphaniedane@tienda.com',1159.93,2),(128,'Merwin','Cartman','2018-05-04 00:00:00','1993-03-02 00:00:00','masculino','merwincartman@tienda.com',1411.76,2),(129,'Hephzibah','Kennerley','2020-03-26 00:00:00','1994-01-20 00:00:00','femenino','hephzibahkennerley@tienda.com',940.77,2),(130,'Linnet','Kahane','2019-08-17 00:00:00','1983-01-21 00:00:00','femenino','linnetkahane@tienda.com',762.25,2),(131,'Micheline','Pryce','2018-02-17 00:00:00','1985-11-29 00:00:00','femenino','michelinepryce@tienda.com',733.71,3),(132,'Dorri','Pierrepoint','2020-05-21 00:00:00','1999-11-19 00:00:00','femenino','dorripierrepoint@tienda.com',671.97,3),(133,'Eziechiele','Castagnier','2019-07-24 00:00:00','1974-03-20 00:00:00','masculino','eziechielecastagnier@tienda.com',640.95,1),(134,'Sergeant','Faull','2019-02-04 00:00:00','1986-04-10 00:00:00','masculino','sergeantfaull@tienda.com',1417.12,2),(135,'Fallon','Hadlington','2019-06-19 00:00:00','1972-02-21 00:00:00','femenino','fallonhadlington@tienda.com',602.54,2),(136,'Roy','Brookwood','2018-05-07 00:00:00','1987-10-05 00:00:00','masculino','roybrookwood@tienda.com',552.25,3),(137,'Athene','Noell','2020-08-10 00:00:00','1988-08-24 00:00:00','femenino','athenenoell@tienda.com',690.24,3),(138,'Rahel','Eskriett','2019-10-03 00:00:00','1984-11-05 00:00:00','femenino','raheleskriett@tienda.com',528.86,3),(139,'Celisse','May','2019-01-13 00:00:00','1999-10-09 00:00:00','femenino','celissemay@tienda.com',1079.90,2),(140,'Leonhard','Stang-Gjertsen','2018-03-29 00:00:00','1974-06-09 00:00:00','masculino','leonhardstang-gjertsen@tienda.com',1438.84,1),(141,'Whitney','Shernock','2020-04-16 00:00:00','1982-09-05 00:00:00','femenino','whitneyshernock@tienda.com',808.90,3),(142,'Emmott','Amthor','2018-12-04 00:00:00','1976-04-28 00:00:00','masculino','emmottamthor@tienda.com',1022.00,1),(143,'Ailbert','Follacaro','2020-07-08 00:00:00','1976-07-12 00:00:00','masculino','ailbertfollacaro@tienda.com',1068.59,2),(144,'Sherman','Truckett','2018-08-30 00:00:00','1984-01-13 00:00:00','masculino','shermantruckett@tienda.com',1167.14,2),(145,'Rodi','Matessian','2020-08-11 00:00:00','1983-08-05 00:00:00','femenino','rodimatessian@tienda.com',1123.00,3),(146,'Xerxes','Tregust','2019-04-22 00:00:00','1975-11-04 00:00:00','masculino','xerxestregust@tienda.com',724.04,3),(147,'Bren','Gillott','2018-06-23 00:00:00','1989-02-16 00:00:00','femenino','brengillott@tienda.com',795.79,3),(148,'Lilian','Klaus','2020-05-13 00:00:00','1992-07-13 00:00:00','femenino','lilianklaus@tienda.com',1476.59,3),(149,'Margret','Orford','2018-04-27 00:00:00','1985-08-03 00:00:00','femenino','margretorford@tienda.com',1415.76,3),(150,'Stanfield','Campo','2019-03-25 00:00:00','1974-08-14 00:00:00','masculino','stanfieldcampo@tienda.com',728.66,2),(151,'Rene','Belhome','2018-04-11 00:00:00','1986-03-21 00:00:00','femenino','renebelhome@tienda.com',757.82,2),(152,'Sterling','MacCague','2018-03-17 00:00:00','1973-11-02 00:00:00','masculino','sterlingmaccague@tienda.com',888.09,3),(153,'Thebault','Mazzei','2020-09-09 00:00:00','1973-03-12 00:00:00','masculino','thebaultmazzei@tienda.com',1194.51,1),(154,'Delcina','Chadwyck','2019-04-25 00:00:00','1998-06-14 00:00:00','femenino','delcinachadwyck@tienda.com',1470.31,1),(155,'Brittani','Chapple','2018-10-01 00:00:00','1999-08-10 00:00:00','femenino','brittanichapple@tienda.com',553.11,2),(156,'Hayden','Zavittieri','2018-03-23 00:00:00','1985-07-17 00:00:00','masculino','haydenzavittieri@tienda.com',833.94,1),(157,'Luisa','Tungate','2018-03-29 00:00:00','1977-07-29 00:00:00','femenino','luisatungate@tienda.com',544.17,3),(158,'Dacey','Gossage','2019-12-26 00:00:00','1998-06-21 00:00:00','femenino','daceygossage@tienda.com',1333.65,2),(159,'Gian','Wetheril','2018-03-22 00:00:00','1997-11-02 00:00:00','masculino','gianwetheril@tienda.com',1041.70,1),(160,'Maison','Villar','2020-06-30 00:00:00','1999-08-28 00:00:00','masculino','maisonvillar@tienda.com',1037.54,1),(161,'Clayborne','Harley','2018-07-16 00:00:00','1984-11-04 00:00:00','masculino','clayborneharley@tienda.com',1212.02,3),(162,'Bobbye','Troucher','2018-10-02 00:00:00','1996-08-30 00:00:00','femenino','bobbyetroucher@tienda.com',1048.22,3),(163,'Suellen','Cason','2018-02-25 00:00:00','1976-11-15 00:00:00','femenino','suellencason@tienda.com',980.75,2),(164,'Christoffer','Orpyne','2020-06-01 00:00:00','1991-01-22 00:00:00','masculino','christofferorpyne@tienda.com',1216.46,2),(165,'Kalindi','Anyene','2018-02-07 00:00:00','1997-01-09 00:00:00','femenino','kalindianyene@tienda.com',734.30,2),(166,'Elsbeth','Stolli','2019-09-23 00:00:00','1974-08-30 00:00:00','femenino','elsbethstolli@tienda.com',1437.57,2),(167,'Basile','Duling','2019-11-16 00:00:00','1972-12-20 00:00:00','masculino','basileduling@tienda.com',1123.59,1),(168,'Siegfried','Corrigan','2019-02-19 00:00:00','1973-06-11 00:00:00','masculino','siegfriedcorrigan@tienda.com',779.46,2),(169,'Leonid','Overstall','2018-03-21 00:00:00','1990-11-06 00:00:00','masculino','leonidoverstall@tienda.com',834.34,1),(170,'Billy','Heinrici','2018-11-02 00:00:00','1978-04-12 00:00:00','masculino','billyheinrici@tienda.com',689.14,2),(171,'Ilse','Checo','2019-02-14 00:00:00','1993-07-05 00:00:00','femenino','ilsecheco@tienda.com',930.58,3),(172,'Alyson','Mathet','2019-12-22 00:00:00','1990-07-15 00:00:00','femenino','alysonmathet@tienda.com',1485.79,2),(173,'Michaela','Edser','2020-03-28 00:00:00','1991-09-21 00:00:00','femenino','michaelaedser@tienda.com',797.07,1),(174,'Lyssa','Bullock','2018-02-10 00:00:00','1993-06-01 00:00:00','femenino','lyssabullock@tienda.com',1313.18,2),(175,'Julianne','Somner','2018-09-06 00:00:00','1986-07-17 00:00:00','femenino','juliannesomner@tienda.com',920.20,2),(176,'Kandace','Howatt','2020-06-26 00:00:00','1979-09-15 00:00:00','femenino','kandacehowatt@tienda.com',1264.06,3),(177,'Rodina','Burrel','2018-06-01 00:00:00','1979-07-26 00:00:00','femenino','rodinaburrel@tienda.com',793.30,3),(178,'Stella','Spiers','2020-03-20 00:00:00','1983-12-19 00:00:00','femenino','stellaspiers@tienda.com',717.51,3),(179,'Benedick','Blasli','2018-11-26 00:00:00','1971-06-23 00:00:00','masculino','benedickblasli@tienda.com',1186.24,2),(180,'Abram','MacKimm','2020-09-05 00:00:00','1972-01-05 00:00:00','masculino','abrammackimm@tienda.com',942.26,1),(181,'Christabel','Peealess','2018-09-29 00:00:00','1988-02-21 00:00:00','femenino','christabelpeealess@tienda.com',1491.15,1),(182,'Jarret','Schapero','2020-03-10 00:00:00','1984-02-01 00:00:00','masculino','jarretschapero@tienda.com',1158.05,1),(183,'Daryle','Cawthery','2020-06-02 00:00:00','1991-04-26 00:00:00','masculino','darylecawthery@tienda.com',707.11,1),(184,'Hilliary','Terzi','2019-02-12 00:00:00','1971-05-11 00:00:00','femenino','hilliaryterzi@tienda.com',950.98,3),(185,'Jeremias','Romagosa','2020-05-25 00:00:00','1971-07-14 00:00:00','masculino','jeremiasromagosa@tienda.com',545.91,3),(186,'Darrick','Setterthwait','2018-04-12 00:00:00','1989-01-13 00:00:00','masculino','darricksetterthwait@tienda.com',854.70,3),(187,'Hasty','Van de Vlies','2020-05-03 00:00:00','1975-01-16 00:00:00','masculino','hastyvan de vlies@tienda.com',1437.52,3),(188,'Mercy','Lidell','2019-08-04 00:00:00','1970-09-14 00:00:00','femenino','mercylidell@tienda.com',609.58,1),(189,'Guy','Goodliffe','2019-09-22 00:00:00','1997-01-02 00:00:00','masculino','guygoodliffe@tienda.com',1175.08,2),(190,'Ned','Panton','2018-10-30 00:00:00','1975-01-16 00:00:00','masculino','nedpanton@tienda.com',1459.84,1),(191,'Robinet','Gumery','2019-06-04 00:00:00','1989-07-30 00:00:00','femenino','robinetgumery@tienda.com',1127.34,1),(192,'Frannie','Oxtarby','2018-03-13 00:00:00','1997-03-04 00:00:00','masculino','frannieoxtarby@tienda.com',608.52,2),(193,'Sharron','Ascraft','2019-12-23 00:00:00','1996-04-19 00:00:00','femenino','sharronascraft@tienda.com',1249.95,1),(194,'Christan','Roblin','2018-12-16 00:00:00','1993-04-04 00:00:00','femenino','christanroblin@tienda.com',840.00,2),(195,'Emlen','Hebden','2020-06-07 00:00:00','1970-01-16 00:00:00','masculino','emlenhebden@tienda.com',1153.92,3),(196,'Gabbie','Josilowski','2018-12-03 00:00:00','1980-02-12 00:00:00','masculino','gabbiejosilowski@tienda.com',1300.20,3),(197,'Klarrisa','Greeding','2019-08-27 00:00:00','1996-11-30 00:00:00','femenino','klarrisagreeding@tienda.com',1038.08,1),(198,'Eli','Diaper','2018-10-13 00:00:00','1982-05-13 00:00:00','masculino','elidiaper@tienda.com',1185.55,2),(199,'Adrianna','McGuinness','2018-02-06 00:00:00','1975-06-05 00:00:00','femenino','adriannamcguinness@tienda.com',1249.73,2),(200,'Anestassia','Coots','2018-03-17 00:00:00','1998-09-20 00:00:00','femenino','anestassiacoots@tienda.com',1062.02,1),(201,'Yevette','Symington','2019-03-11 00:00:00','1993-08-22 00:00:00','femenino','yevettesymington@tienda.com',854.95,1),(202,'Nanny','ODonohoe','2019-06-09 00:00:00','1980-05-02 00:00:00','femenino','nannyodonohoe@tienda.com',1284.47,1),(203,'Bernetta','Newbury','2020-01-29 00:00:00','1977-04-06 00:00:00','femenino','bernettanewbury@tienda.com',1079.06,3),(204,'Kacy','Linne','2018-01-12 00:00:00','1999-06-16 00:00:00','femenino','kacylinne@tienda.com',556.45,3),(205,'Desiree','McNally','2020-02-03 00:00:00','1971-11-16 00:00:00','femenino','desireemcnally@tienda.com',1317.63,1),(206,'Alison','De Mattei','2020-03-22 00:00:00','1970-08-07 00:00:00','femenino','alisonde mattei@tienda.com',1092.88,1),(207,'Martie','Scandroot','2018-11-08 00:00:00','1997-05-28 00:00:00','masculino','martiescandroot@tienda.com',1466.69,3),(208,'Evan','Adamczyk','2020-02-23 00:00:00','1990-06-11 00:00:00','masculino','evanadamczyk@tienda.com',1402.35,2),(209,'Fowler','Brearton','2019-06-27 00:00:00','1990-02-17 00:00:00','masculino','fowlerbrearton@tienda.com',518.04,2),(210,'Dominica','Fairbourne','2018-05-23 00:00:00','1978-01-22 00:00:00','femenino','dominicafairbourne@tienda.com',544.76,1),(211,'Reynolds','Hadgkiss','2019-03-08 00:00:00','1983-10-20 00:00:00','masculino','reynoldshadgkiss@tienda.com',854.68,3),(212,'Patrizius','Stollman','2020-08-31 00:00:00','1981-01-04 00:00:00','masculino','patriziusstollman@tienda.com',1023.56,1),(213,'Ira','Matuszynski','2018-05-17 00:00:00','1974-04-13 00:00:00','femenino','iramatuszynski@tienda.com',801.05,3),(214,'Carmela','Stagge','2020-06-09 00:00:00','1972-09-20 00:00:00','femenino','carmelastagge@tienda.com',989.14,3),(215,'Michell','Paireman','2020-05-28 00:00:00','1974-09-25 00:00:00','femenino','michellpaireman@tienda.com',557.12,2),(216,'Reginauld','Dukesbury','2018-08-06 00:00:00','1977-11-25 00:00:00','masculino','reginaulddukesbury@tienda.com',754.89,2),(217,'Travus','Feechan','2018-08-04 00:00:00','1974-08-14 00:00:00','masculino','travusfeechan@tienda.com',1327.98,2),(218,'Ollie','Cranney','2020-01-07 00:00:00','1974-05-10 00:00:00','masculino','olliecranney@tienda.com',1226.69,1),(219,'Willi','Terrey','2018-05-27 00:00:00','1971-03-17 00:00:00','femenino','williterrey@tienda.com',827.06,1),(220,'Osgood','Maylard','2019-11-09 00:00:00','1987-02-26 00:00:00','masculino','osgoodmaylard@tienda.com',839.27,3),(221,'Bryan','Midgley','2018-03-17 00:00:00','1990-07-29 00:00:00','masculino','bryanmidgley@tienda.com',756.66,2),(222,'Alf','Leyzell','2019-08-07 00:00:00','1983-07-26 00:00:00','masculino','alfleyzell@tienda.com',1128.83,2),(223,'Brooke','Iglesias','2019-09-02 00:00:00','1988-07-19 00:00:00','masculino','brookeiglesias@tienda.com',1094.58,3),(224,'Meredith','Romeo','2018-09-24 00:00:00','1980-11-29 00:00:00','femenino','meredithromeo@tienda.com',519.26,3),(225,'Osbert','Mattaser','2020-03-31 00:00:00','1974-01-29 00:00:00','masculino','osbertmattaser@tienda.com',890.83,2),(226,'Renata','Emanuelov','2020-01-20 00:00:00','1988-07-30 00:00:00','femenino','renataemanuelov@tienda.com',1205.33,3),(227,'Shelba','Poolman','2019-12-22 00:00:00','1973-09-02 00:00:00','femenino','shelbapoolman@tienda.com',1401.46,3),(228,'Hadria','Flye','2018-04-09 00:00:00','1998-05-17 00:00:00','femenino','hadriaflye@tienda.com',1032.74,3),(229,'Philis','Poytress','2019-03-28 00:00:00','1986-01-27 00:00:00','femenino','philispoytress@tienda.com',1115.80,1),(230,'Alyda','Tumioto','2019-02-25 00:00:00','1975-12-13 00:00:00','femenino','alydatumioto@tienda.com',752.15,2),(231,'Leigha','Guilleton','2019-08-10 00:00:00','1976-08-27 00:00:00','femenino','leighaguilleton@tienda.com',1221.88,2),(232,'Angele','Fleetwood','2019-05-17 00:00:00','1978-10-28 00:00:00','femenino','angelefleetwood@tienda.com',597.78,3),(233,'Jeanine','Aberdalgy','2018-10-18 00:00:00','1993-03-18 00:00:00','femenino','jeanineaberdalgy@tienda.com',932.10,3),(234,'Noreen','Hoggan','2019-05-12 00:00:00','1988-02-26 00:00:00','femenino','noreenhoggan@tienda.com',1056.05,1),(235,'Edd','Gebhardt','2018-06-01 00:00:00','1978-08-13 00:00:00','masculino','eddgebhardt@tienda.com',841.84,1),(236,'Sigismondo','Klaesson','2018-05-14 00:00:00','1989-04-27 00:00:00','masculino','sigismondoklaesson@tienda.com',564.22,3),(237,'Marjorie','Greenly','2019-09-17 00:00:00','1979-12-08 00:00:00','femenino','marjoriegreenly@tienda.com',937.46,1),(238,'Demetre','Trusler','2020-05-08 00:00:00','1998-10-17 00:00:00','masculino','demetretrusler@tienda.com',707.96,1),(239,'Mohammed','McDermot','2019-06-11 00:00:00','1992-11-28 00:00:00','masculino','mohammedmcdermot@tienda.com',1191.36,1),(240,'Dorisa','Syred','2019-03-06 00:00:00','1996-08-24 00:00:00','femenino','dorisasyred@tienda.com',771.25,3),(241,'Harrie','Banaszewski','2018-01-01 00:00:00','1970-08-29 00:00:00','femenino','harriebanaszewski@tienda.com',1300.81,3),(242,'Debby','Kolczynski','2018-06-24 00:00:00','1986-01-02 00:00:00','femenino','debbykolczynski@tienda.com',883.69,3),(243,'Averil','Gerasch','2019-10-02 00:00:00','1989-04-10 00:00:00','masculino','averilgerasch@tienda.com',1097.71,2),(244,'Hervey','Brassington','2019-01-17 00:00:00','1975-12-01 00:00:00','masculino','herveybrassington@tienda.com',1054.91,2),(245,'Margie','Summerlad','2018-11-14 00:00:00','1995-11-10 00:00:00','femenino','margiesummerlad@tienda.com',1058.83,1),(246,'Ewart','Attridge','2018-12-15 00:00:00','1977-05-04 00:00:00','masculino','ewartattridge@tienda.com',882.66,1),(247,'Deborah','Sweeney','2018-09-13 00:00:00','1973-05-18 00:00:00','femenino','deborahsweeney@tienda.com',1250.04,3),(248,'Zebadiah','Bagnold','2018-11-28 00:00:00','1988-04-07 00:00:00','masculino','zebadiahbagnold@tienda.com',542.09,1),(249,'Eliza','des Remedios','2019-06-08 00:00:00','1983-10-24 00:00:00','femenino','elizades remedios@tienda.com',1364.77,2),(250,'Emmet','Le Count','2018-10-03 00:00:00','1976-09-13 00:00:00','masculino','emmetle count@tienda.com',818.51,1),(251,'Frederik','Buie','2018-07-19 00:00:00','1976-10-02 00:00:00','masculino','frederikbuie@tienda.com',548.25,1),(252,'Filberto','Sander','2019-05-11 00:00:00','1995-11-11 00:00:00','masculino','filbertosander@tienda.com',940.57,1),(253,'Doro','Blesing','2019-12-09 00:00:00','1974-06-07 00:00:00','femenino','doroblesing@tienda.com',841.05,2),(254,'Ted','Dobing','2018-01-17 00:00:00','1976-03-08 00:00:00','masculino','teddobing@tienda.com',1053.88,1),(255,'Bendick','Dashkovich','2018-10-10 00:00:00','1996-04-21 00:00:00','masculino','bendickdashkovich@tienda.com',1465.23,3),(256,'Husain','Assante','2020-03-28 00:00:00','1989-08-24 00:00:00','masculino','husainassante@tienda.com',818.98,2),(257,'Nikolos','Perham','2018-08-28 00:00:00','1986-07-26 00:00:00','masculino','nikolosperham@tienda.com',1388.10,1),(258,'Tarah','Gurr','2019-06-20 00:00:00','1978-09-16 00:00:00','femenino','tarahgurr@tienda.com',741.13,1),(259,'Marie-jeanne','Stucksbury','2018-11-06 00:00:00','1984-05-12 00:00:00','femenino','marie-jeannestucksbury@tienda.com',1164.38,3),(260,'Annemarie','Weiser','2019-08-29 00:00:00','1987-01-03 00:00:00','femenino','annemarieweiser@tienda.com',1344.36,3),(261,'Stefania','Sighard','2018-08-29 00:00:00','1996-04-10 00:00:00','femenino','stefaniasighard@tienda.com',960.34,1),(262,'Margarete','Sheber','2018-03-27 00:00:00','1993-06-01 00:00:00','femenino','margaretesheber@tienda.com',1248.97,3),(263,'Silvan','Fright','2018-12-25 00:00:00','1976-02-09 00:00:00','masculino','silvanfright@tienda.com',1364.02,2),(264,'Regen','Kochs','2018-11-17 00:00:00','1984-05-31 00:00:00','masculino','regenkochs@tienda.com',1064.94,1),(265,'Martin','Doy','2019-03-15 00:00:00','1990-06-23 00:00:00','masculino','martindoy@tienda.com',758.18,3),(266,'Reeba','Belfit','2019-08-22 00:00:00','1995-02-11 00:00:00','femenino','reebabelfit@tienda.com',1312.15,1),(267,'Noelyn','Cawkill','2018-07-29 00:00:00','1978-04-27 00:00:00','femenino','noelyncawkill@tienda.com',1303.34,3),(268,'Wernher','Clemmow','2019-04-30 00:00:00','1971-11-25 00:00:00','masculino','wernherclemmow@tienda.com',1231.73,2),(269,'Ken','Ninnoli','2018-04-06 00:00:00','1982-03-29 00:00:00','masculino','kenninnoli@tienda.com',523.25,3),(270,'Adria','Raund','2018-03-18 00:00:00','1994-10-03 00:00:00','femenino','adriaraund@tienda.com',1485.94,1),(271,'Demetria','Vogel','2018-01-17 00:00:00','1973-05-23 00:00:00','femenino','demetriavogel@tienda.com',811.09,1),(272,'Saundra','Thorley','2018-03-08 00:00:00','1999-06-08 00:00:00','masculino','saundrathorley@tienda.com',1451.27,2),(273,'Mikel','McKimm','2020-06-28 00:00:00','1984-07-02 00:00:00','masculino','mikelmckimm@tienda.com',1278.19,1),(274,'Meredithe','Smy','2020-03-05 00:00:00','1997-09-21 00:00:00','femenino','meredithesmy@tienda.com',772.42,2),(275,'Waylen','Frentz','2019-05-02 00:00:00','1985-03-23 00:00:00','masculino','waylenfrentz@tienda.com',1376.12,2),(276,'Kaitlin','Perks','2018-02-01 00:00:00','1992-09-10 00:00:00','femenino','kaitlinperks@tienda.com',1289.20,2),(277,'Thorsten','Reap','2019-10-28 00:00:00','1975-08-11 00:00:00','masculino','thorstenreap@tienda.com',1439.93,2),(278,'Cleopatra','Binnall','2018-10-05 00:00:00','1997-09-19 00:00:00','femenino','cleopatrabinnall@tienda.com',886.82,3),(279,'Ellynn','Kimblin','2018-01-11 00:00:00','1987-11-23 00:00:00','femenino','ellynnkimblin@tienda.com',1105.37,2),(280,'Graham','MacFadzan','2018-02-07 00:00:00','1997-10-08 00:00:00','masculino','grahammacfadzan@tienda.com',983.84,1),(281,'Marji','Cawthera','2019-04-26 00:00:00','1999-12-02 00:00:00','femenino','marjicawthera@tienda.com',940.66,2),(282,'Ham','Rowlett','2018-10-23 00:00:00','1977-10-01 00:00:00','masculino','hamrowlett@tienda.com',524.66,3),(283,'Vanda','Woolley','2018-09-15 00:00:00','1991-05-24 00:00:00','femenino','vandawoolley@tienda.com',904.71,3),(284,'Enriqueta','Kierans','2019-05-22 00:00:00','1995-10-27 00:00:00','femenino','enriquetakierans@tienda.com',631.97,2),(285,'Cleveland','Stilldale','2018-08-12 00:00:00','1998-07-03 00:00:00','masculino','clevelandstilldale@tienda.com',1026.29,3),(286,'Loreen','Feuell','2019-07-13 00:00:00','1984-05-27 00:00:00','femenino','loreenfeuell@tienda.com',1438.82,1),(287,'Elvira','Aspling','2019-04-09 00:00:00','1991-03-05 00:00:00','femenino','elviraaspling@tienda.com',1444.17,2),(288,'Madlen','Salter','2018-06-25 00:00:00','1985-02-24 00:00:00','femenino','madlensalter@tienda.com',780.59,3),(289,'Alexandros','Hebbes','2020-07-05 00:00:00','1984-07-25 00:00:00','masculino','alexandroshebbes@tienda.com',945.91,1),(290,'Kiel','Powlett','2018-04-02 00:00:00','1992-01-07 00:00:00','masculino','kielpowlett@tienda.com',578.50,2),(291,'Lorens','Donaho','2019-08-19 00:00:00','1990-11-09 00:00:00','masculino','lorensdonaho@tienda.com',1157.88,1),(292,'Ruthann','Bewlie','2018-04-04 00:00:00','1975-08-03 00:00:00','femenino','ruthannbewlie@tienda.com',983.81,2),(293,'Shelly','Dedden','2018-08-03 00:00:00','1985-02-01 00:00:00','femenino','shellydedden@tienda.com',1406.88,1),(294,'Marcellus','Espie','2020-05-24 00:00:00','1991-08-27 00:00:00','masculino','marcellusespie@tienda.com',834.06,2),(295,'Chester','Chafer','2020-03-27 00:00:00','1972-07-01 00:00:00','masculino','chesterchafer@tienda.com',1017.85,1),(296,'Avictor','Noteyoung','2020-07-06 00:00:00','1985-05-02 00:00:00','masculino','avictornoteyoung@tienda.com',1291.22,3),(297,'Ted','Twentyman','2019-06-06 00:00:00','1999-04-30 00:00:00','femenino','tedtwentyman@tienda.com',730.58,3),(298,'Ed','Hillburn','2020-03-22 00:00:00','1996-05-19 00:00:00','masculino','edhillburn@tienda.com',1137.77,3),(299,'Papagena','Core','2019-01-10 00:00:00','1987-07-08 00:00:00','femenino','papagenacore@tienda.com',1176.04,2),(300,'Tessy','Hollier','2020-08-25 00:00:00','1979-05-05 00:00:00','femenino','tessyhollier@tienda.com',551.91,1),(301,'Neala','Hanna','2018-01-17 00:00:00','1990-09-24 00:00:00','femenino','nealahanna@tienda.com',1423.80,3),(302,'Nikolas','Ferson','2018-09-28 00:00:00','1983-06-21 00:00:00','masculino','nikolasferson@tienda.com',1218.61,1),(303,'Kynthia','Fri','2018-11-22 00:00:00','1999-09-12 00:00:00','femenino','kynthiafri@tienda.com',1046.62,3),(304,'Peyton','Ellams','2018-11-16 00:00:00','1976-12-08 00:00:00','masculino','peytonellams@tienda.com',1187.71,2),(305,'Dwain','Bertolaccini','2019-12-07 00:00:00','1976-05-02 00:00:00','masculino','dwainbertolaccini@tienda.com',763.22,3),(306,'Elsinore','Box','2019-10-14 00:00:00','1973-12-20 00:00:00','femenino','elsinorebox@tienda.com',593.53,3),(307,'Raymund','Pantling','2019-10-19 00:00:00','1978-01-08 00:00:00','masculino','raymundpantling@tienda.com',727.19,3),(308,'Clevie','Pleace','2020-06-13 00:00:00','1983-02-01 00:00:00','masculino','cleviepleace@tienda.com',729.13,3),(309,'Kingston','Cruttenden','2019-08-31 00:00:00','1998-10-14 00:00:00','masculino','kingstoncruttenden@tienda.com',698.70,1),(310,'Ola','Criag','2019-09-06 00:00:00','1973-02-09 00:00:00','femenino','olacriag@tienda.com',1413.96,1),(311,'Georgina','De-Ville','2020-01-16 00:00:00','1970-11-23 00:00:00','femenino','georginade-ville@tienda.com',1210.42,3),(312,'Kore','Haydney','2020-01-17 00:00:00','1970-06-25 00:00:00','femenino','korehaydney@tienda.com',1383.67,2),(313,'Maximo','Froom','2018-08-07 00:00:00','1976-09-24 00:00:00','masculino','maximofroom@tienda.com',583.03,3),(314,'Averil','Balassi','2020-07-20 00:00:00','1994-11-03 00:00:00','masculino','averilbalassi@tienda.com',995.04,3),(315,'Keriann','Clemmensen','2020-05-18 00:00:00','1993-09-06 00:00:00','femenino','keriannclemmensen@tienda.com',1022.43,3),(316,'Alric','Lanceter','2019-10-17 00:00:00','1987-04-04 00:00:00','masculino','alriclanceter@tienda.com',1163.60,2),(317,'Hercule','Boriston','2018-09-26 00:00:00','1988-07-29 00:00:00','masculino','herculeboriston@tienda.com',1481.88,3),(318,'Gav','Grave','2018-12-13 00:00:00','1993-12-07 00:00:00','masculino','gavgrave@tienda.com',632.44,2),(319,'Ody','Treadway','2018-01-09 00:00:00','1972-08-29 00:00:00','masculino','odytreadway@tienda.com',1438.99,1),(320,'Alecia','Headrick','2018-01-23 00:00:00','1985-06-16 00:00:00','femenino','aleciaheadrick@tienda.com',1374.66,2),(321,'Orelle','Gunnell','2019-10-27 00:00:00','1987-04-10 00:00:00','femenino','orellegunnell@tienda.com',1363.13,2),(322,'Lidia','Swanton','2019-11-08 00:00:00','1980-09-08 00:00:00','femenino','lidiaswanton@tienda.com',1419.75,1),(323,'Amandie','Wilmott','2020-01-18 00:00:00','1999-01-19 00:00:00','femenino','amandiewilmott@tienda.com',651.10,3),(324,'Melany','Mahady','2018-09-26 00:00:00','1974-01-31 00:00:00','femenino','melanymahady@tienda.com',722.14,3),(325,'Ruperto','Exelby','2019-10-03 00:00:00','1972-07-23 00:00:00','masculino','rupertoexelby@tienda.com',1354.74,3),(326,'Cherianne','Jacombs','2019-07-19 00:00:00','1982-01-20 00:00:00','femenino','cheriannejacombs@tienda.com',986.00,1),(327,'Beverlee','Ganing','2019-01-19 00:00:00','1997-01-03 00:00:00','femenino','beverleeganing@tienda.com',884.42,1),(328,'Christos','Parr','2020-05-12 00:00:00','1974-07-27 00:00:00','masculino','christosparr@tienda.com',671.58,2),(329,'Natividad','Brislen','2020-06-29 00:00:00','1984-05-05 00:00:00','femenino','natividadbrislen@tienda.com',1446.35,2),(330,'Jae','Atterley','2020-01-11 00:00:00','1978-08-19 00:00:00','masculino','jaeatterley@tienda.com',576.48,3),(331,'Astrid','Custance','2019-02-09 00:00:00','1989-08-25 00:00:00','femenino','astridcustance@tienda.com',1048.46,3),(332,'Ignaz','Vidler','2020-05-15 00:00:00','1985-11-09 00:00:00','masculino','ignazvidler@tienda.com',970.04,1),(333,'Celka','Froom','2020-07-08 00:00:00','1996-07-09 00:00:00','femenino','celkafroom@tienda.com',599.74,1),(334,'Guss','enzley','2018-08-10 00:00:00','1984-12-23 00:00:00','masculino','gussenzley@tienda.com',831.49,2),(335,'Glenn','Ridsdole','2020-05-16 00:00:00','1973-09-07 00:00:00','masculino','glennridsdole@tienda.com',889.57,3),(336,'Rouvin','Serchwell','2020-03-06 00:00:00','1973-05-12 00:00:00','masculino','rouvinserchwell@tienda.com',636.05,2),(337,'Lona','Wilsee','2020-02-26 00:00:00','1995-04-11 00:00:00','femenino','lonawilsee@tienda.com',971.46,3),(338,'Barret','Youson','2018-06-02 00:00:00','1974-06-17 00:00:00','masculino','barretyouson@tienda.com',1309.91,3),(339,'Dillie','McDavid','2019-08-27 00:00:00','1999-11-25 00:00:00','masculino','dilliemcdavid@tienda.com',993.05,3),(340,'Alfie','Epgrave','2019-12-04 00:00:00','1971-04-22 00:00:00','femenino','alfieepgrave@tienda.com',945.07,3),(341,'Addie','Jeremaes','2018-02-23 00:00:00','1998-03-07 00:00:00','femenino','addiejeremaes@tienda.com',684.39,2),(342,'Finlay','St. Clair','2018-03-19 00:00:00','1992-11-13 00:00:00','masculino','finlayst. clair@tienda.com',1484.99,1),(343,'Manny','Toffts','2018-01-15 00:00:00','1971-03-21 00:00:00','masculino','mannytoffts@tienda.com',656.93,3),(344,'Sholom','Songest','2018-06-26 00:00:00','1995-03-04 00:00:00','masculino','sholomsongest@tienda.com',1313.00,3),(345,'Ulises','Kubiczek','2019-07-06 00:00:00','1970-11-23 00:00:00','masculino','uliseskubiczek@tienda.com',665.44,2),(346,'Enrica','Mateuszczyk','2018-09-11 00:00:00','1976-11-13 00:00:00','femenino','enricamateuszczyk@tienda.com',1262.76,1),(347,'Dunstan','McDougald','2018-06-30 00:00:00','1998-04-21 00:00:00','masculino','dunstanmcdougald@tienda.com',952.22,2),(348,'Morse','De la Zenne','2018-05-30 00:00:00','1978-07-05 00:00:00','masculino','morsede la zenne@tienda.com',1233.89,3),(349,'Celina','Langridge','2018-05-20 00:00:00','1987-01-10 00:00:00','femenino','celinalangridge@tienda.com',1372.45,2),(350,'Wright','Berns','2019-05-31 00:00:00','1982-11-15 00:00:00','masculino','wrightberns@tienda.com',1462.32,1),(351,'Penni','Antunes','2020-06-15 00:00:00','1980-03-27 00:00:00','femenino','penniantunes@tienda.com',961.75,3),(352,'Hieronymus','Fierman','2018-02-13 00:00:00','1990-05-03 00:00:00','masculino','hieronymusfierman@tienda.com',508.74,2),(353,'Thibaud','Alsford','2020-04-29 00:00:00','1979-04-25 00:00:00','masculino','thibaudalsford@tienda.com',1471.17,2),(354,'Ritchie','Skehan','2019-09-22 00:00:00','1984-05-18 00:00:00','masculino','ritchieskehan@tienda.com',1299.80,3),(355,'Cort','Tennewell','2020-01-27 00:00:00','1981-11-19 00:00:00','masculino','corttennewell@tienda.com',1328.39,3),(356,'Sarita','Storrock','2019-08-27 00:00:00','1994-04-26 00:00:00','femenino','saritastorrock@tienda.com',1085.11,2),(357,'Ailsun','Horley','2019-12-10 00:00:00','1985-12-23 00:00:00','femenino','ailsunhorley@tienda.com',1144.65,3),(358,'Aldous','Baldung','2020-09-13 00:00:00','1981-11-10 00:00:00','masculino','aldousbaldung@tienda.com',1243.82,2),(359,'Annecorinne','Bortolomei','2020-07-28 00:00:00','1997-08-18 00:00:00','femenino','annecorinnebortolomei@tienda.com',976.29,3),(360,'Noah','Hansemann','2019-04-10 00:00:00','1992-07-19 00:00:00','masculino','noahhansemann@tienda.com',1081.43,2),(361,'Nerita','McVie','2019-01-25 00:00:00','1997-01-13 00:00:00','femenino','neritamcvie@tienda.com',924.93,1),(362,'Harmony','Dunstall','2020-06-24 00:00:00','1982-04-10 00:00:00','femenino','harmonydunstall@tienda.com',1057.25,3),(363,'Ernst','Eaken','2019-10-25 00:00:00','1990-07-22 00:00:00','masculino','ernsteaken@tienda.com',1414.07,2),(364,'Carole','Kirrens','2019-11-08 00:00:00','1980-07-31 00:00:00','femenino','carolekirrens@tienda.com',557.05,3),(365,'Evered','Hassin','2018-06-21 00:00:00','1977-07-02 00:00:00','masculino','everedhassin@tienda.com',1121.30,3),(366,'Brnaby','Nuth','2018-06-18 00:00:00','1976-02-10 00:00:00','masculino','brnabynuth@tienda.com',1094.55,1),(367,'Millicent','Minette','2018-02-15 00:00:00','1998-02-27 00:00:00','femenino','millicentminette@tienda.com',1115.66,1),(368,'Beverlie','Worden','2019-10-19 00:00:00','1974-07-01 00:00:00','femenino','beverlieworden@tienda.com',1491.47,2),(369,'Lonnard','Iacovuzzi','2018-06-09 00:00:00','1978-06-16 00:00:00','masculino','lonnardiacovuzzi@tienda.com',1205.31,3),(370,'Arther','Conduit','2020-07-04 00:00:00','1983-01-19 00:00:00','masculino','artherconduit@tienda.com',961.83,3),(371,'Carrol','Levesley','2020-05-01 00:00:00','1995-11-30 00:00:00','masculino','carrollevesley@tienda.com',1135.43,2),(372,'Tessa','Riehm','2019-01-07 00:00:00','1975-05-24 00:00:00','femenino','tessariehm@tienda.com',1492.78,2),(373,'Mikel','Brigg','2019-04-01 00:00:00','1971-04-21 00:00:00','masculino','mikelbrigg@tienda.com',892.98,2),(374,'Jewel','Fillimore','2018-07-16 00:00:00','1971-07-29 00:00:00','femenino','jewelfillimore@tienda.com',1378.93,2),(375,'Augie','Bradford','2019-06-18 00:00:00','1992-03-10 00:00:00','masculino','augiebradford@tienda.com',1080.81,3),(376,'Allison','Grebbin','2018-06-15 00:00:00','1984-05-31 00:00:00','femenino','allisongrebbin@tienda.com',1153.34,3),(377,'Jeanette','Kenny','2020-08-28 00:00:00','1984-02-07 00:00:00','femenino','jeanettekenny@tienda.com',1262.69,3),(378,'Red','Turney','2018-09-22 00:00:00','1987-09-03 00:00:00','masculino','redturney@tienda.com',658.58,2),(379,'Cris','Duiged','2019-02-15 00:00:00','1974-03-27 00:00:00','femenino','crisduiged@tienda.com',783.44,1),(380,'Ewen','Brunsden','2018-12-17 00:00:00','1990-05-16 00:00:00','masculino','ewenbrunsden@tienda.com',1391.06,2),(381,'Harper','Lansdown','2019-10-14 00:00:00','1997-07-03 00:00:00','masculino','harperlansdown@tienda.com',1363.33,2),(382,'Zebedee','Redmile','2020-06-08 00:00:00','1991-10-05 00:00:00','masculino','zebedeeredmile@tienda.com',1164.68,3),(383,'Masha','Simenel','2019-09-27 00:00:00','1985-06-20 00:00:00','femenino','mashasimenel@tienda.com',1045.24,3),(384,'Lauren','Amar','2019-08-27 00:00:00','1976-03-20 00:00:00','femenino','laurenamar@tienda.com',1420.81,1),(385,'Jessalyn','Soles','2018-02-06 00:00:00','1978-09-03 00:00:00','femenino','jessalynsoles@tienda.com',1214.40,2),(386,'Andrew','Farnie','2018-06-07 00:00:00','1991-08-08 00:00:00','masculino','andrewfarnie@tienda.com',1390.50,1),(387,'Poul','Slader','2019-12-23 00:00:00','1979-11-17 00:00:00','masculino','poulslader@tienda.com',586.23,3),(388,'Alisander','Aspin','2020-04-28 00:00:00','1978-06-14 00:00:00','masculino','alisanderaspin@tienda.com',917.16,1),(389,'Blayne','Wagon','2018-01-27 00:00:00','1975-03-28 00:00:00','masculino','blaynewagon@tienda.com',1017.60,3),(390,'Saul','Yair','2020-03-02 00:00:00','1977-11-16 00:00:00','masculino','saulyair@tienda.com',1290.46,3),(391,'Tobit','Chedgey','2018-03-11 00:00:00','1989-06-06 00:00:00','masculino','tobitchedgey@tienda.com',1277.42,1),(392,'Karil','Dreger','2020-04-21 00:00:00','1998-04-26 00:00:00','femenino','karildreger@tienda.com',1087.36,2),(393,'Garth','Gaines','2019-03-05 00:00:00','1982-01-24 00:00:00','masculino','garthgaines@tienda.com',1244.22,3),(394,'Gardiner','Broadis','2018-07-24 00:00:00','1970-06-04 00:00:00','masculino','gardinerbroadis@tienda.com',627.81,3),(395,'Germayne','Szymoni','2018-12-11 00:00:00','1995-06-03 00:00:00','masculino','germayneszymoni@tienda.com',918.04,3),(396,'Valentia','Olivetta','2020-07-01 00:00:00','1996-02-24 00:00:00','femenino','valentiaolivetta@tienda.com',1381.12,3),(397,'Clarice','Combe','2020-08-16 00:00:00','1970-04-12 00:00:00','femenino','claricecombe@tienda.com',963.80,1),(398,'Mathe','Wansbury','2019-01-18 00:00:00','1977-04-13 00:00:00','masculino','mathewansbury@tienda.com',1036.67,3),(399,'Dewitt','Suller','2020-08-14 00:00:00','1994-09-21 00:00:00','masculino','dewittsuller@tienda.com',1121.30,2),(400,'Leonard','Prise','2019-08-28 00:00:00','1981-11-10 00:00:00','masculino','leonardprise@tienda.com',1427.99,1),(401,'Katinka','Thurlbeck','2020-08-31 00:00:00','1976-08-10 00:00:00','femenino','katinkathurlbeck@tienda.com',894.77,2),(402,'Susann','Golton','2018-02-13 00:00:00','1987-04-24 00:00:00','femenino','susanngolton@tienda.com',1087.18,2),(403,'Katalin','Grinin','2020-04-25 00:00:00','1994-08-05 00:00:00','femenino','katalingrinin@tienda.com',700.63,2),(404,'Kerby','Bentjens','2020-08-13 00:00:00','1976-04-03 00:00:00','masculino','kerbybentjens@tienda.com',1065.18,3),(405,'Kennith','Ennever','2019-12-15 00:00:00','1977-10-06 00:00:00','masculino','kennithennever@tienda.com',717.30,3),(406,'Harley','Twist','2018-08-13 00:00:00','1974-06-16 00:00:00','femenino','harleytwist@tienda.com',766.12,3),(407,'Bronson','Oylett','2018-06-22 00:00:00','1987-07-04 00:00:00','masculino','bronsonoylett@tienda.com',1188.74,2),(408,'Kev','Normaville','2019-02-05 00:00:00','1989-07-07 00:00:00','masculino','kevnormaville@tienda.com',1284.52,1),(409,'Bryn','Ivanilov','2019-09-13 00:00:00','1970-04-06 00:00:00','femenino','brynivanilov@tienda.com',1120.05,2),(410,'Dennis','Aykroyd','2019-04-09 00:00:00','1990-03-19 00:00:00','masculino','dennisaykroyd@tienda.com',1294.05,2),(411,'Modesta','Benedicte','2018-03-07 00:00:00','1986-12-07 00:00:00','femenino','modestabenedicte@tienda.com',1306.64,2),(412,'Ravi','Colliford','2019-01-22 00:00:00','1993-04-26 00:00:00','masculino','ravicolliford@tienda.com',1389.04,1),(413,'Levey','Cottage','2019-01-01 00:00:00','1978-02-18 00:00:00','masculino','leveycottage@tienda.com',882.71,1),(414,'Quintilla','Fink','2018-03-19 00:00:00','1999-06-15 00:00:00','femenino','quintillafink@tienda.com',704.09,2),(415,'Darbee','Crasswell','2018-07-01 00:00:00','1997-04-16 00:00:00','masculino','darbeecrasswell@tienda.com',1396.54,3),(416,'Hardy','Rimmer','2018-03-08 00:00:00','1993-07-17 00:00:00','masculino','hardyrimmer@tienda.com',1488.86,3),(417,'Vale','Tompkiss','2020-04-12 00:00:00','1987-09-23 00:00:00','femenino','valetompkiss@tienda.com',919.57,1),(418,'Addie','Oxnam','2019-02-10 00:00:00','1995-04-11 00:00:00','masculino','addieoxnam@tienda.com',1443.34,1),(419,'Gilles','Mashro','2018-08-13 00:00:00','1992-02-04 00:00:00','masculino','gillesmashro@tienda.com',1368.09,2),(420,'Kenny','Abraham','2019-02-27 00:00:00','1976-08-02 00:00:00','masculino','kennyabraham@tienda.com',1463.85,1),(421,'Andie','Cattroll','2018-01-11 00:00:00','1999-02-05 00:00:00','femenino','andiecattroll@tienda.com',1080.78,3),(422,'Brandy','Berntssen','2019-03-19 00:00:00','1989-08-04 00:00:00','masculino','brandyberntssen@tienda.com',954.57,2),(423,'Elli','Overall','2018-12-19 00:00:00','1984-11-22 00:00:00','femenino','ellioverall@tienda.com',1416.25,1),(424,'Aurel','Senn','2018-07-05 00:00:00','1999-04-20 00:00:00','femenino','aurelsenn@tienda.com',689.27,1),(425,'Clevey','Crystal','2018-11-07 00:00:00','1984-12-23 00:00:00','masculino','cleveycrystal@tienda.com',1222.03,2),(426,'Winna','Ravillas','2020-05-19 00:00:00','1988-11-03 00:00:00','femenino','winnaravillas@tienda.com',742.82,3),(427,'El','McVitty','2019-09-15 00:00:00','1988-07-19 00:00:00','masculino','elmcvitty@tienda.com',910.43,3),(428,'Tod','Christophers','2019-09-25 00:00:00','1994-04-02 00:00:00','masculino','todchristophers@tienda.com',1299.80,3),(429,'Donia','Chese','2020-03-15 00:00:00','1991-11-26 00:00:00','femenino','doniachese@tienda.com',573.68,3),(430,'Trina','Fisby','2020-03-02 00:00:00','1989-05-15 00:00:00','femenino','trinafisby@tienda.com',1108.67,2),(431,'Allie','Scane','2018-10-12 00:00:00','1973-07-16 00:00:00','femenino','alliescane@tienda.com',660.07,3),(432,'Rakel','Jantzen','2019-09-18 00:00:00','1979-05-17 00:00:00','femenino','rakeljantzen@tienda.com',1382.27,1),(433,'Catlee','Cambden','2019-12-14 00:00:00','1989-11-07 00:00:00','femenino','catleecambden@tienda.com',1248.42,1),(434,'Orren','Hairesnape','2018-08-12 00:00:00','1982-03-18 00:00:00','masculino','orrenhairesnape@tienda.com',693.21,1),(435,'Lenore','Ceeley','2018-10-11 00:00:00','1977-09-20 00:00:00','femenino','lenoreceeley@tienda.com',674.30,1),(436,'Sancho','Tayspell','2019-02-08 00:00:00','1974-06-09 00:00:00','masculino','sanchotayspell@tienda.com',617.83,3),(437,'Isabeau','Benardette','2020-06-07 00:00:00','1976-06-28 00:00:00','femenino','isabeaubenardette@tienda.com',824.73,2),(438,'Liza','Proby','2019-04-08 00:00:00','1982-03-05 00:00:00','femenino','lizaproby@tienda.com',1254.58,2),(439,'Cherida','McCloid','2019-05-05 00:00:00','1975-04-22 00:00:00','femenino','cheridamccloid@tienda.com',1259.31,2),(440,'Janith','Shorto','2019-09-26 00:00:00','1985-09-10 00:00:00','femenino','janithshorto@tienda.com',1490.48,2),(441,'Joan','Di Biasi','2019-08-17 00:00:00','1981-09-19 00:00:00','femenino','joandi biasi@tienda.com',508.21,2),(442,'Veronica','Kahan','2019-10-08 00:00:00','1971-03-25 00:00:00','femenino','veronicakahan@tienda.com',1349.40,3),(443,'Brigitte','Aiskovitch','2018-09-03 00:00:00','1970-11-03 00:00:00','femenino','brigitteaiskovitch@tienda.com',516.46,2),(444,'Enrique','Bunhill','2018-02-25 00:00:00','1974-10-26 00:00:00','masculino','enriquebunhill@tienda.com',1098.33,3),(445,'Nathanil','Rames','2019-01-02 00:00:00','1996-06-06 00:00:00','masculino','nathanilrames@tienda.com',812.10,3),(446,'Boigie','Huelin','2020-08-25 00:00:00','1975-11-03 00:00:00','masculino','boigiehuelin@tienda.com',1484.01,2),(447,'Sancho','Girardetti','2018-02-09 00:00:00','1999-01-16 00:00:00','masculino','sanchogirardetti@tienda.com',1235.12,3),(448,'Gerard','Tolland','2020-03-10 00:00:00','1971-05-23 00:00:00','masculino','gerardtolland@tienda.com',1464.04,2),(449,'Celesta','Mixworthy','2020-05-05 00:00:00','1997-03-14 00:00:00','femenino','celestamixworthy@tienda.com',1245.61,3),(450,'Jacobo','Punshon','2018-11-20 00:00:00','1984-05-23 00:00:00','masculino','jacobopunshon@tienda.com',1377.03,1),(451,'Kirk','Reynoldson','2018-02-25 00:00:00','1991-12-17 00:00:00','masculino','kirkreynoldson@tienda.com',1224.52,2),(452,'Pavla','Lorait','2018-07-27 00:00:00','1992-11-27 00:00:00','femenino','pavlalorait@tienda.com',540.12,1),(453,'Fey','Crystal','2020-07-23 00:00:00','1991-08-09 00:00:00','femenino','feycrystal@tienda.com',1353.96,3),(454,'Cinda','Filpi','2020-04-18 00:00:00','1995-07-06 00:00:00','femenino','cindafilpi@tienda.com',647.39,3),(455,'Anastasia','Eles','2019-12-18 00:00:00','1999-10-28 00:00:00','femenino','anastasiaeles@tienda.com',991.27,1),(456,'Carolus','Pitkeathly','2018-06-26 00:00:00','1989-09-16 00:00:00','masculino','caroluspitkeathly@tienda.com',511.56,1),(457,'Lalo','Garett','2019-10-23 00:00:00','1972-04-13 00:00:00','masculino','lalogarett@tienda.com',1433.66,3),(458,'Cahra','Tonepohl','2018-04-29 00:00:00','1994-07-29 00:00:00','femenino','cahratonepohl@tienda.com',707.70,2),(459,'Derrik','Tedder','2020-09-16 00:00:00','1990-07-14 00:00:00','masculino','derriktedder@tienda.com',1414.29,3),(460,'Salvidor','Ech','2019-04-27 00:00:00','1982-08-15 00:00:00','masculino','salvidorech@tienda.com',822.00,1),(461,'Trina','Olrenshaw','2019-10-15 00:00:00','1990-01-21 00:00:00','femenino','trinaolrenshaw@tienda.com',1224.93,2),(462,'Benson','Gonzalez','2020-04-04 00:00:00','1982-05-15 00:00:00','masculino','bensongonzalez@tienda.com',1275.61,2),(463,'Maynard','Dellenbach','2018-09-08 00:00:00','1988-09-15 00:00:00','masculino','maynarddellenbach@tienda.com',547.73,2),(464,'Vivia','Girardengo','2020-07-04 00:00:00','1985-10-10 00:00:00','femenino','viviagirardengo@tienda.com',569.28,2),(465,'Eli','Corstan','2020-02-13 00:00:00','1992-06-29 00:00:00','masculino','elicorstan@tienda.com',603.02,3),(466,'Trudi','Dumbelton','2019-11-15 00:00:00','1981-02-24 00:00:00','femenino','trudidumbelton@tienda.com',1182.14,2),(467,'Bevan','Menham','2019-02-01 00:00:00','1978-09-08 00:00:00','masculino','bevanmenham@tienda.com',967.59,1),(468,'Fabio','Newsham','2018-09-17 00:00:00','1979-03-18 00:00:00','masculino','fabionewsham@tienda.com',1028.51,3),(469,'Dynah','Cornill','2020-06-24 00:00:00','1985-10-28 00:00:00','femenino','dynahcornill@tienda.com',1384.36,1),(470,'Dolley','Boyet','2019-03-05 00:00:00','1976-09-16 00:00:00','femenino','dolleyboyet@tienda.com',1157.25,3),(471,'Fern','Belmont','2020-07-11 00:00:00','1979-10-08 00:00:00','femenino','fernbelmont@tienda.com',1178.78,1),(472,'Lyn','Crocumbe','2018-01-02 00:00:00','1981-02-27 00:00:00','femenino','lyncrocumbe@tienda.com',1281.13,3),(473,'Andrea','Harback','2020-01-22 00:00:00','1993-01-18 00:00:00','masculino','andreaharback@tienda.com',1295.44,3),(474,'Manda','Rubinfajn','2018-02-20 00:00:00','1986-11-01 00:00:00','femenino','mandarubinfajn@tienda.com',533.16,2),(475,'Laney','Comizzoli','2018-09-24 00:00:00','1991-03-30 00:00:00','femenino','laneycomizzoli@tienda.com',960.82,1),(476,'Gearard','Yarn','2018-02-08 00:00:00','1991-11-06 00:00:00','masculino','gearardyarn@tienda.com',1155.92,1),(477,'Jarrett','Kitchener','2018-10-26 00:00:00','1991-10-09 00:00:00','masculino','jarrettkitchener@tienda.com',895.00,1),(478,'Nefen','Rekes','2019-03-29 00:00:00','1991-05-19 00:00:00','masculino','nefenrekes@tienda.com',883.12,1),(479,'Letty','Pluthero','2018-08-21 00:00:00','1988-10-02 00:00:00','femenino','lettypluthero@tienda.com',915.74,1),(480,'Ruth','Renhard','2018-01-29 00:00:00','1974-02-16 00:00:00','femenino','ruthrenhard@tienda.com',614.83,1),(481,'Cloe','Manger','2018-07-09 00:00:00','1975-12-31 00:00:00','femenino','cloemanger@tienda.com',1173.89,2),(482,'Glynis','Neachell','2020-05-10 00:00:00','1993-06-03 00:00:00','femenino','glynisneachell@tienda.com',1428.68,1),(483,'Pauletta','Wattins','2019-06-30 00:00:00','1988-05-13 00:00:00','femenino','paulettawattins@tienda.com',687.82,2),(484,'Gilburt','Magner','2018-01-26 00:00:00','1981-12-21 00:00:00','masculino','gilburtmagner@tienda.com',1396.27,2),(485,'Lu','Eddow','2020-02-18 00:00:00','1977-09-27 00:00:00','femenino','lueddow@tienda.com',527.93,1),(486,'Pepi','Krishtopaittis','2019-02-13 00:00:00','1992-08-15 00:00:00','femenino','pepikrishtopaittis@tienda.com',593.45,2),(487,'Jesse','Erik','2020-02-23 00:00:00','1993-03-09 00:00:00','femenino','jesseerik@tienda.com',556.78,1),(488,'Bradly','Ashley','2018-05-31 00:00:00','1972-12-02 00:00:00','masculino','bradlyashley@tienda.com',1399.92,3),(489,'Maximilianus','Lewins','2018-10-14 00:00:00','1978-02-22 00:00:00','masculino','maximilianuslewins@tienda.com',851.87,3),(490,'Antonius','Edghinn','2019-12-24 00:00:00','1986-05-05 00:00:00','masculino','antoniusedghinn@tienda.com',1185.85,1),(491,'Tatiana','Audley','2019-01-15 00:00:00','1993-08-07 00:00:00','femenino','tatianaaudley@tienda.com',1304.09,3),(492,'Edeline','Yakebowitch','2020-04-10 00:00:00','1987-10-19 00:00:00','femenino','edelineyakebowitch@tienda.com',548.01,2),(493,'Ingrid','Delph','2019-02-06 00:00:00','1981-12-09 00:00:00','femenino','ingriddelph@tienda.com',1425.56,2),(494,'Jerrine','Harryman','2018-05-01 00:00:00','1976-09-26 00:00:00','femenino','jerrineharryman@tienda.com',787.87,1),(495,'Ulrike','Westmoreland','2018-02-06 00:00:00','1996-03-19 00:00:00','femenino','ulrikewestmoreland@tienda.com',1214.14,2),(496,'Brittney','Bocke','2020-02-12 00:00:00','1976-08-03 00:00:00','femenino','brittneybocke@tienda.com',928.70,2),(497,'Callida','Giraldon','2019-11-02 00:00:00','1995-07-02 00:00:00','femenino','callidagiraldon@tienda.com',1458.98,1),(498,'Cleon','Richmont','2019-05-16 00:00:00','1991-03-13 00:00:00','masculino','cleonrichmont@tienda.com',1384.80,1),(499,'Alexine','Sant','2019-02-20 00:00:00','1990-10-31 00:00:00','femenino','alexinesant@tienda.com',729.63,1),(500,'Inglebert','Carless','2018-12-23 00:00:00','1974-08-06 00:00:00','masculino','inglebertcarless@tienda.com',909.77,2);
/*!40000 ALTER TABLE `empleado` ENABLE KEYS */;
UNLOCK TABLES;

--
-- Table structure for table `factura`
--

DROP TABLE IF EXISTS `factura`;
/*!40101 SET @saved_cs_client     = @@character_set_client */;
/*!50503 SET character_set_client = utf8mb4 */;
CREATE TABLE `factura` (
  `idFactura` mediumint NOT NULL AUTO_INCREMENT,
  `idCliente` mediumint unsigned NOT NULL,
  `fecha` datetime NOT NULL,
  `idEmpleado` mediumint unsigned NOT NULL,
  PRIMARY KEY (`idFactura`)
) ENGINE=InnoDB AUTO_INCREMENT=2001 DEFAULT CHARSET=utf8mb4 COLLATE=utf8mb4_0900_ai_ci;
/*!40101 SET character_set_client = @saved_cs_client */;

--
-- Dumping data for table `factura`
--

LOCK TABLES `factura` WRITE;
/*!40000 ALTER TABLE `factura` DISABLE KEYS */;
INSERT INTO `factura` VALUES (1,791,'2020-01-01 00:00:00',2),(2,29,'2020-01-01 00:00:00',303),(3,826,'2020-01-01 00:00:00',268),(4,564,'2020-01-01 00:00:00',151),(5,795,'2020-01-01 00:00:00',370),(6,239,'2020-01-01 00:00:00',197),(7,123,'2020-01-01 00:00:00',172),(8,588,'2020-01-01 00:00:00',367),(9,9,'2020-01-01 00:00:00',117),(10,239,'2020-01-01 00:00:00',430),(11,596,'2020-01-01 00:00:00',314),(12,212,'2020-01-01 00:00:00',449),(13,682,'2020-01-01 00:00:00',434),(14,216,'2020-01-01 00:00:00',408),(15,502,'2020-01-01 00:00:00',195),(16,997,'2020-01-01 00:00:00',203),(17,793,'2020-01-01 00:00:00',20),(18,944,'2020-01-01 00:00:00',467),(19,102,'2020-01-01 00:00:00',45),(20,122,'2020-01-01 00:00:00',102),(21,297,'2020-01-01 00:00:00',353),(22,761,'2020-01-01 00:00:00',403),(23,237,'2020-01-01 00:00:00',105),(24,318,'2020-01-01 00:00:00',434),(25,142,'2020-01-01 00:00:00',67),(26,638,'2020-01-01 00:00:00',62),(27,254,'2020-01-01 00:00:00',157),(28,213,'2020-01-01 00:00:00',119),(29,728,'2020-01-01 00:00:00',413),(30,960,'2020-01-01 00:00:00',395),(31,487,'2020-01-01 00:00:00',473),(32,972,'2020-01-01 00:00:00',260),(33,194,'2020-01-01 00:00:00',425),(34,261,'2020-01-01 00:00:00',263),(35,452,'2020-01-01 00:00:00',269),(36,297,'2020-01-01 00:00:00',142),(37,61,'2020-01-01 00:00:00',386),(38,674,'2020-01-01 00:00:00',333),(39,200,'2020-01-01 00:00:00',239),(40,201,'2020-01-01 00:00:00',114),(41,894,'2020-01-01 00:00:00',401),(42,759,'2020-01-01 00:00:00',259),(43,536,'2020-01-01 00:00:00',78),(44,702,'2020-01-01 00:00:00',333),(45,577,'2020-01-01 00:00:00',430),(46,529,'2020-01-01 00:00:00',190),(47,624,'2020-01-01 00:00:00',304),(48,499,'2020-01-01 00:00:00',372),(49,301,'2020-01-01 00:00:00',174),(50,201,'2020-01-01 00:00:00',51),(51,466,'2020-01-01 00:00:00',438),(52,758,'2020-01-01 00:00:00',385),(53,985,'2020-01-01 00:00:00',495),(54,755,'2020-01-01 00:00:00',291),(55,913,'2020-01-01 00:00:00',343),(56,986,'2020-01-01 00:00:00',433),(57,181,'2020-01-01 00:00:00',187),(58,365,'2020-01-01 00:00:00',408),(59,410,'2020-01-01 00:00:00',497),(60,956,'2020-01-01 00:00:00',255),(61,322,'2020-01-01 00:00:00',31),(62,100,'2020-01-01 00:00:00',349),(63,688,'2020-01-01 00:00:00',111),(64,406,'2020-01-01 00:00:00',415),(65,323,'2020-01-01 00:00:00',151),(66,612,'2020-01-01 00:00:00',87),(67,922,'2020-01-01 00:00:00',387),(68,807,'2020-01-01 00:00:00',369),(69,716,'2020-01-01 00:00:00',459),(70,917,'2020-01-01 00:00:00',79),(71,597,'2020-01-01 00:00:00',167),(72,864,'2020-01-01 00:00:00',496),(73,57,'2020-01-01 00:00:00',66),(74,75,'2020-01-01 00:00:00',395),(75,436,'2020-01-01 00:00:00',95),(76,567,'2020-01-01 00:00:00',22),(77,846,'2020-01-01 00:00:00',482),(78,105,'2020-01-01 00:00:00',22),(79,436,'2020-01-01 00:00:00',124),(80,587,'2020-01-01 00:00:00',285),(81,259,'2020-01-01 00:00:00',59),(82,722,'2020-01-01 00:00:00',62),(83,934,'2020-01-01 00:00:00',23),(84,900,'2020-01-01 00:00:00',499),(85,337,'2020-01-01 00:00:00',101),(86,111,'2020-01-01 00:00:00',426),(87,351,'2020-01-01 00:00:00',232),(88,659,'2020-01-01 00:00:00',182),(89,659,'2020-01-01 00:00:00',76),(90,216,'2020-01-01 00:00:00',254),(91,640,'2020-01-01 00:00:00',3),(92,686,'2020-01-01 00:00:00',452),(93,383,'2020-01-01 00:00:00',317),(94,125,'2020-01-01 00:00:00',296),(95,405,'2020-01-01 00:00:00',166),(96,541,'2020-01-01 00:00:00',324),(97,878,'2020-01-01 00:00:00',199),(98,9,'2020-01-01 00:00:00',157),(99,287,'2020-01-01 00:00:00',189),(100,398,'2020-01-02 00:00:00',95),(101,781,'2020-01-02 00:00:00',292),(102,158,'2020-01-02 00:00:00',436),(103,344,'2020-01-02 00:00:00',349),(104,541,'2020-01-02 00:00:00',27),(105,670,'2020-01-02 00:00:00',282),(106,195,'2020-01-02 00:00:00',326),(107,425,'2020-01-02 00:00:00',359),(108,965,'2020-01-02 00:00:00',253),(109,523,'2020-01-02 00:00:00',302),(110,450,'2020-01-02 00:00:00',178),(111,86,'2020-01-02 00:00:00',194),(112,399,'2020-01-02 00:00:00',211),(113,769,'2020-01-02 00:00:00',494),(114,744,'2020-01-02 00:00:00',205),(115,686,'2020-01-02 00:00:00',92),(116,907,'2020-01-02 00:00:00',175),(117,454,'2020-01-02 00:00:00',417),(118,808,'2020-01-02 00:00:00',409),(119,943,'2020-01-02 00:00:00',499),(120,773,'2020-01-02 00:00:00',111),(121,466,'2020-01-02 00:00:00',228),(122,48,'2020-01-02 00:00:00',63),(123,748,'2020-01-02 00:00:00',55),(124,527,'2020-01-02 00:00:00',445),(125,357,'2020-01-02 00:00:00',463),(126,108,'2020-01-02 00:00:00',205),(127,477,'2020-01-02 00:00:00',492),(128,16,'2020-01-02 00:00:00',36),(129,300,'2020-01-02 00:00:00',204),(130,153,'2020-01-02 00:00:00',158),(131,99,'2020-01-02 00:00:00',498),(132,144,'2020-01-02 00:00:00',303),(133,479,'2020-01-02 00:00:00',57),(134,5,'2020-01-02 00:00:00',51),(135,448,'2020-01-02 00:00:00',489),(136,521,'2020-01-02 00:00:00',40),(137,173,'2020-01-02 00:00:00',49),(138,478,'2020-01-02 00:00:00',411),(139,729,'2020-01-02 00:00:00',330),(140,211,'2020-01-02 00:00:00',192),(141,519,'2020-01-02 00:00:00',123),(142,723,'2020-01-02 00:00:00',127),(143,792,'2020-01-02 00:00:00',54),(144,993,'2020-01-02 00:00:00',124),(145,893,'2020-01-02 00:00:00',15),(146,424,'2020-01-02 00:00:00',346),(147,303,'2020-01-02 00:00:00',87),(148,987,'2020-01-02 00:00:00',486),(149,342,'2020-01-02 00:00:00',4),(150,854,'2020-01-02 00:00:00',207),(151,305,'2020-01-02 00:00:00',91),(152,922,'2020-01-02 00:00:00',114),(153,304,'2020-01-02 00:00:00',326),(154,165,'2020-01-02 00:00:00',172),(155,114,'2020-01-02 00:00:00',303),(156,723,'2020-01-02 00:00:00',397),(157,478,'2020-01-02 00:00:00',24),(158,364,'2020-01-02 00:00:00',298),(159,354,'2020-01-02 00:00:00',436),(160,128,'2020-01-02 00:00:00',464),(161,686,'2020-01-02 00:00:00',407),(162,721,'2020-01-02 00:00:00',434),(163,252,'2020-01-02 00:00:00',491),(164,648,'2020-01-02 00:00:00',424),(165,618,'2020-01-02 00:00:00',16),(166,916,'2020-01-02 00:00:00',428),(167,689,'2020-01-02 00:00:00',319),(168,603,'2020-01-02 00:00:00',326),(169,428,'2020-01-02 00:00:00',182),(170,247,'2020-01-02 00:00:00',210),(171,294,'2020-01-02 00:00:00',29),(172,887,'2020-01-02 00:00:00',310),(173,909,'2020-01-02 00:00:00',26),(174,999,'2020-01-02 00:00:00',119),(175,414,'2020-01-02 00:00:00',165),(176,818,'2020-01-02 00:00:00',374),(177,94,'2020-01-02 00:00:00',174),(178,601,'2020-01-02 00:00:00',180),(179,499,'2020-01-02 00:00:00',108),(180,52,'2020-01-02 00:00:00',41),(181,693,'2020-01-02 00:00:00',224),(182,813,'2020-01-02 00:00:00',231),(183,193,'2020-01-02 00:00:00',369),(184,406,'2020-01-02 00:00:00',56),(185,475,'2020-01-02 00:00:00',399),(186,843,'2020-01-02 00:00:00',329),(187,645,'2020-01-02 00:00:00',56),(188,485,'2020-01-02 00:00:00',451),(189,792,'2020-01-02 00:00:00',183),(190,404,'2020-01-02 00:00:00',194),(191,626,'2020-01-02 00:00:00',340),(192,329,'2020-01-02 00:00:00',230),(193,730,'2020-01-02 00:00:00',165),(194,680,'2020-01-02 00:00:00',41),(195,715,'2020-01-02 00:00:00',304),(196,354,'2020-01-02 00:00:00',325),(197,729,'2020-01-02 00:00:00',167),(198,950,'2020-01-02 00:00:00',481),(199,106,'2020-01-02 00:00:00',439),(200,395,'2020-01-03 00:00:00',45),(201,5,'2020-01-03 00:00:00',229),(202,374,'2020-01-03 00:00:00',186),(203,579,'2020-01-03 00:00:00',400),(204,223,'2020-01-03 00:00:00',63),(205,891,'2020-01-03 00:00:00',166),(206,235,'2020-01-03 00:00:00',261),(207,169,'2020-01-03 00:00:00',214),(208,363,'2020-01-03 00:00:00',394),(209,305,'2020-01-03 00:00:00',287),(210,617,'2020-01-03 00:00:00',173),(211,559,'2020-01-03 00:00:00',471),(212,209,'2020-01-03 00:00:00',45),(213,142,'2020-01-03 00:00:00',180),(214,916,'2020-01-03 00:00:00',396),(215,309,'2020-01-03 00:00:00',456),(216,403,'2020-01-03 00:00:00',125),(217,722,'2020-01-03 00:00:00',112),(218,929,'2020-01-03 00:00:00',350),(219,937,'2020-01-03 00:00:00',263),(220,562,'2020-01-03 00:00:00',211),(221,915,'2020-01-03 00:00:00',474),(222,701,'2020-01-03 00:00:00',417),(223,899,'2020-01-03 00:00:00',247),(224,241,'2020-01-03 00:00:00',164),(225,642,'2020-01-03 00:00:00',98),(226,521,'2020-01-03 00:00:00',246),(227,487,'2020-01-03 00:00:00',113),(228,341,'2020-01-03 00:00:00',42),(229,747,'2020-01-03 00:00:00',241),(230,496,'2020-01-03 00:00:00',324),(231,8,'2020-01-03 00:00:00',396),(232,358,'2020-01-03 00:00:00',469),(233,783,'2020-01-03 00:00:00',266),(234,206,'2020-01-03 00:00:00',213),(235,522,'2020-01-03 00:00:00',380),(236,464,'2020-01-03 00:00:00',309),(237,828,'2020-01-03 00:00:00',439),(238,715,'2020-01-03 00:00:00',302),(239,177,'2020-01-03 00:00:00',322),(240,957,'2020-01-03 00:00:00',481),(241,252,'2020-01-03 00:00:00',81),(242,891,'2020-01-03 00:00:00',431),(243,598,'2020-01-03 00:00:00',24),(244,20,'2020-01-03 00:00:00',33),(245,553,'2020-01-03 00:00:00',84),(246,796,'2020-01-03 00:00:00',386),(247,585,'2020-01-03 00:00:00',312),(248,544,'2020-01-03 00:00:00',462),(249,40,'2020-01-03 00:00:00',244),(250,493,'2020-01-03 00:00:00',371),(251,865,'2020-01-03 00:00:00',250),(252,218,'2020-01-03 00:00:00',147),(253,750,'2020-01-03 00:00:00',160),(254,423,'2020-01-03 00:00:00',355),(255,123,'2020-01-03 00:00:00',56),(256,791,'2020-01-03 00:00:00',128),(257,569,'2020-01-03 00:00:00',461),(258,987,'2020-01-03 00:00:00',280),(259,262,'2020-01-03 00:00:00',237),(260,786,'2020-01-03 00:00:00',98),(261,539,'2020-01-03 00:00:00',294),(262,772,'2020-01-03 00:00:00',280),(263,220,'2020-01-03 00:00:00',473),(264,270,'2020-01-03 00:00:00',133),(265,519,'2020-01-03 00:00:00',250),(266,751,'2020-01-03 00:00:00',72),(267,578,'2020-01-03 00:00:00',110),(268,276,'2020-01-03 00:00:00',186),(269,960,'2020-01-03 00:00:00',334),(270,675,'2020-01-03 00:00:00',28),(271,119,'2020-01-03 00:00:00',235),(272,977,'2020-01-03 00:00:00',399),(273,586,'2020-01-03 00:00:00',493),(274,781,'2020-01-03 00:00:00',285),(275,245,'2020-01-03 00:00:00',289),(276,675,'2020-01-03 00:00:00',195),(277,535,'2020-01-03 00:00:00',78),(278,675,'2020-01-03 00:00:00',203),(279,4,'2020-01-03 00:00:00',384),(280,352,'2020-01-03 00:00:00',289),(281,747,'2020-01-03 00:00:00',120),(282,42,'2020-01-03 00:00:00',245),(283,471,'2020-01-03 00:00:00',8),(284,266,'2020-01-03 00:00:00',333),(285,977,'2020-01-03 00:00:00',83),(286,617,'2020-01-03 00:00:00',154),(287,336,'2020-01-03 00:00:00',50),(288,483,'2020-01-03 00:00:00',138),(289,922,'2020-01-03 00:00:00',114),(290,701,'2020-01-03 00:00:00',270),(291,889,'2020-01-03 00:00:00',255),(292,954,'2020-01-03 00:00:00',330),(293,781,'2020-01-03 00:00:00',58),(294,904,'2020-01-03 00:00:00',437),(295,411,'2020-01-03 00:00:00',196),(296,484,'2020-01-03 00:00:00',131),(297,664,'2020-01-03 00:00:00',484),(298,103,'2020-01-03 00:00:00',459),(299,969,'2020-01-03 00:00:00',355),(300,394,'2020-01-03 00:00:00',83),(301,325,'2020-01-03 00:00:00',216),(302,683,'2020-01-03 00:00:00',215),(303,853,'2020-01-03 00:00:00',196),(304,947,'2020-01-03 00:00:00',86),(305,762,'2020-01-04 00:00:00',114),(306,622,'2020-01-04 00:00:00',445),(307,814,'2020-01-04 00:00:00',376),(308,559,'2020-01-04 00:00:00',291),(309,365,'2020-01-04 00:00:00',347),(310,911,'2020-01-04 00:00:00',417),(311,468,'2020-01-04 00:00:00',464),(312,849,'2020-01-04 00:00:00',55),(313,421,'2020-01-04 00:00:00',276),(314,585,'2020-01-04 00:00:00',64),(315,597,'2020-01-04 00:00:00',451),(316,10,'2020-01-04 00:00:00',181),(317,46,'2020-01-04 00:00:00',316),(318,327,'2020-01-04 00:00:00',80),(319,701,'2020-01-04 00:00:00',290),(320,305,'2020-01-04 00:00:00',192),(321,371,'2020-01-04 00:00:00',307),(322,60,'2020-01-04 00:00:00',289),(323,71,'2020-01-04 00:00:00',159),(324,435,'2020-01-04 00:00:00',274),(325,918,'2020-01-04 00:00:00',368),(326,148,'2020-01-04 00:00:00',132),(327,28,'2020-01-04 00:00:00',388),(328,216,'2020-01-04 00:00:00',452),(329,449,'2020-01-04 00:00:00',436),(330,312,'2020-01-04 00:00:00',114),(331,660,'2020-01-04 00:00:00',259),(332,629,'2020-01-04 00:00:00',30),(333,256,'2020-01-04 00:00:00',191),(334,664,'2020-01-04 00:00:00',357),(335,862,'2020-01-04 00:00:00',295),(336,52,'2020-01-04 00:00:00',320),(337,627,'2020-01-04 00:00:00',112),(338,632,'2020-01-04 00:00:00',5),(339,380,'2020-01-04 00:00:00',444),(340,954,'2020-01-04 00:00:00',302),(341,560,'2020-01-04 00:00:00',314),(342,51,'2020-01-04 00:00:00',171),(343,941,'2020-01-04 00:00:00',300),(344,214,'2020-01-04 00:00:00',359),(345,36,'2020-01-04 00:00:00',238),(346,670,'2020-01-04 00:00:00',12),(347,467,'2020-01-04 00:00:00',119),(348,692,'2020-01-04 00:00:00',366),(349,599,'2020-01-04 00:00:00',451),(350,948,'2020-01-04 00:00:00',481),(351,803,'2020-01-04 00:00:00',230),(352,802,'2020-01-04 00:00:00',179),(353,576,'2020-01-04 00:00:00',48),(354,736,'2020-01-04 00:00:00',122),(355,57,'2020-01-04 00:00:00',286),(356,461,'2020-01-04 00:00:00',43),(357,712,'2020-01-04 00:00:00',373),(358,929,'2020-01-04 00:00:00',485),(359,10,'2020-01-04 00:00:00',42),(360,248,'2020-01-04 00:00:00',267),(361,37,'2020-01-04 00:00:00',56),(362,905,'2020-01-04 00:00:00',304),(363,346,'2020-01-04 00:00:00',66),(364,780,'2020-01-04 00:00:00',470),(365,650,'2020-01-04 00:00:00',178),(366,148,'2020-01-04 00:00:00',112),(367,353,'2020-01-04 00:00:00',145),(368,538,'2020-01-04 00:00:00',484),(369,149,'2020-01-04 00:00:00',258),(370,372,'2020-01-04 00:00:00',435),(371,176,'2020-01-04 00:00:00',496),(372,272,'2020-01-04 00:00:00',220),(373,32,'2020-01-04 00:00:00',448),(374,370,'2020-01-04 00:00:00',75),(375,821,'2020-01-04 00:00:00',150),(376,44,'2020-01-04 00:00:00',276),(377,43,'2020-01-04 00:00:00',163),(378,105,'2020-01-04 00:00:00',20),(379,75,'2020-01-04 00:00:00',111),(380,903,'2020-01-04 00:00:00',63),(381,180,'2020-01-04 00:00:00',14),(382,92,'2020-01-04 00:00:00',160),(383,879,'2020-01-04 00:00:00',88),(384,37,'2020-01-04 00:00:00',212),(385,63,'2020-01-04 00:00:00',242),(386,440,'2020-01-04 00:00:00',43),(387,875,'2020-01-04 00:00:00',150),(388,128,'2020-01-04 00:00:00',183),(389,211,'2020-01-04 00:00:00',205),(390,22,'2020-01-04 00:00:00',458),(391,95,'2020-01-04 00:00:00',60),(392,804,'2020-01-04 00:00:00',369),(393,38,'2020-01-04 00:00:00',365),(394,91,'2020-01-04 00:00:00',167),(395,745,'2020-01-04 00:00:00',239),(396,284,'2020-01-04 00:00:00',244),(397,854,'2020-01-04 00:00:00',121),(398,975,'2020-01-04 00:00:00',445),(399,798,'2020-01-04 00:00:00',256),(400,97,'2020-01-04 00:00:00',348),(401,977,'2020-01-04 00:00:00',229),(402,576,'2020-01-04 00:00:00',46),(403,821,'2020-01-04 00:00:00',102),(404,519,'2020-01-04 00:00:00',178),(405,31,'2020-01-04 00:00:00',306),(406,740,'2020-01-04 00:00:00',28),(407,547,'2020-01-04 00:00:00',190),(408,587,'2020-01-04 00:00:00',438),(409,854,'2020-01-04 00:00:00',410),(410,743,'2020-01-04 00:00:00',111),(411,358,'2020-01-04 00:00:00',239),(412,909,'2020-01-04 00:00:00',28),(413,248,'2020-01-04 00:00:00',66),(414,575,'2020-01-04 00:00:00',127),(415,246,'2020-01-04 00:00:00',476),(416,671,'2020-01-04 00:00:00',259),(417,893,'2020-01-04 00:00:00',405),(418,61,'2020-01-04 00:00:00',470),(419,243,'2020-01-04 00:00:00',335),(420,502,'2020-01-04 00:00:00',425),(421,759,'2020-01-04 00:00:00',113),(422,811,'2020-01-04 00:00:00',47),(423,138,'2020-01-04 00:00:00',411),(424,300,'2020-01-04 00:00:00',305),(425,684,'2020-01-04 00:00:00',495),(426,645,'2020-01-04 00:00:00',123),(427,948,'2020-01-04 00:00:00',86),(428,182,'2020-01-04 00:00:00',364),(429,754,'2020-01-04 00:00:00',26),(430,450,'2020-01-04 00:00:00',340),(431,538,'2020-01-04 00:00:00',47),(432,792,'2020-01-04 00:00:00',256),(433,349,'2020-01-04 00:00:00',229),(434,523,'2020-01-04 00:00:00',18),(435,441,'2020-01-04 00:00:00',206),(436,780,'2020-01-04 00:00:00',253),(437,537,'2020-01-04 00:00:00',289),(438,394,'2020-01-04 00:00:00',87),(439,727,'2020-01-04 00:00:00',422),(440,281,'2020-01-04 00:00:00',154),(441,668,'2020-01-04 00:00:00',66),(442,999,'2020-01-04 00:00:00',121),(443,403,'2020-01-04 00:00:00',8),(444,730,'2020-01-04 00:00:00',468),(445,668,'2020-01-04 00:00:00',308),(446,733,'2020-01-04 00:00:00',225),(447,169,'2020-01-04 00:00:00',173),(448,622,'2020-01-04 00:00:00',157),(449,107,'2020-01-04 00:00:00',284),(450,889,'2020-01-04 00:00:00',262),(451,279,'2020-01-04 00:00:00',452),(452,110,'2020-01-04 00:00:00',81),(453,578,'2020-01-04 00:00:00',433),(454,89,'2020-01-04 00:00:00',396),(455,846,'2020-01-04 00:00:00',363),(456,435,'2020-01-04 00:00:00',411),(457,855,'2020-01-04 00:00:00',82),(458,245,'2020-01-04 00:00:00',186),(459,296,'2020-01-04 00:00:00',412),(460,785,'2020-01-04 00:00:00',29),(461,97,'2020-01-04 00:00:00',104),(462,966,'2020-01-04 00:00:00',164),(463,224,'2020-01-04 00:00:00',293),(464,840,'2020-01-04 00:00:00',87),(465,568,'2020-01-04 00:00:00',157),(466,761,'2020-01-04 00:00:00',77),(467,464,'2020-01-04 00:00:00',67),(468,506,'2020-01-05 00:00:00',388),(469,789,'2020-01-05 00:00:00',4),(470,3,'2020-01-05 00:00:00',216),(471,272,'2020-01-05 00:00:00',241),(472,777,'2020-01-05 00:00:00',35),(473,389,'2020-01-05 00:00:00',361),(474,891,'2020-01-05 00:00:00',252),(475,57,'2020-01-05 00:00:00',385),(476,224,'2020-01-05 00:00:00',248),(477,649,'2020-01-05 00:00:00',63),(478,450,'2020-01-05 00:00:00',128),(479,341,'2020-01-05 00:00:00',50),(480,918,'2020-01-05 00:00:00',489),(481,798,'2020-01-05 00:00:00',266),(482,74,'2020-01-05 00:00:00',482),(483,810,'2020-01-05 00:00:00',297),(484,345,'2020-01-05 00:00:00',455),(485,721,'2020-01-05 00:00:00',382),(486,134,'2020-01-05 00:00:00',158),(487,179,'2020-01-05 00:00:00',213),(488,202,'2020-01-05 00:00:00',276),(489,432,'2020-01-05 00:00:00',385),(490,706,'2020-01-05 00:00:00',160),(491,478,'2020-01-05 00:00:00',209),(492,563,'2020-01-05 00:00:00',287),(493,869,'2020-01-05 00:00:00',330),(494,409,'2020-01-05 00:00:00',178),(495,981,'2020-01-05 00:00:00',24),(496,143,'2020-01-05 00:00:00',458),(497,20,'2020-01-05 00:00:00',179),(498,54,'2020-01-05 00:00:00',317),(499,727,'2020-01-05 00:00:00',180),(500,991,'2020-01-05 00:00:00',416),(501,475,'2020-01-05 00:00:00',45),(502,294,'2020-01-05 00:00:00',213),(503,331,'2020-01-05 00:00:00',169),(504,346,'2020-01-05 00:00:00',403),(505,807,'2020-01-05 00:00:00',395),(506,247,'2020-01-05 00:00:00',57),(507,9,'2020-01-05 00:00:00',245),(508,939,'2020-01-05 00:00:00',192),(509,574,'2020-01-05 00:00:00',40),(510,190,'2020-01-05 00:00:00',233),(511,786,'2020-01-05 00:00:00',72),(512,441,'2020-01-05 00:00:00',390),(513,221,'2020-01-05 00:00:00',160),(514,61,'2020-01-05 00:00:00',206),(515,84,'2020-01-05 00:00:00',333),(516,284,'2020-01-05 00:00:00',268),(517,376,'2020-01-05 00:00:00',33),(518,313,'2020-01-05 00:00:00',138),(519,103,'2020-01-05 00:00:00',432),(520,94,'2020-01-05 00:00:00',336),(521,105,'2020-01-05 00:00:00',431),(522,545,'2020-01-05 00:00:00',451),(523,791,'2020-01-05 00:00:00',427),(524,997,'2020-01-05 00:00:00',496),(525,369,'2020-01-05 00:00:00',279),(526,493,'2020-01-05 00:00:00',347),(527,737,'2020-01-05 00:00:00',252),(528,45,'2020-01-05 00:00:00',44),(529,421,'2020-01-05 00:00:00',483),(530,644,'2020-01-05 00:00:00',23),(531,467,'2020-01-05 00:00:00',200),(532,788,'2020-01-05 00:00:00',310),(533,246,'2020-01-05 00:00:00',222),(534,405,'2020-01-05 00:00:00',117),(535,335,'2020-01-05 00:00:00',452),(536,520,'2020-01-05 00:00:00',32),(537,716,'2020-01-05 00:00:00',25),(538,59,'2020-01-05 00:00:00',331),(539,906,'2020-01-05 00:00:00',468),(540,610,'2020-01-05 00:00:00',163),(541,88,'2020-01-05 00:00:00',462),(542,694,'2020-01-05 00:00:00',195),(543,753,'2020-01-05 00:00:00',480),(544,248,'2020-01-05 00:00:00',412),(545,433,'2020-01-05 00:00:00',217),(546,7,'2020-01-05 00:00:00',313),(547,992,'2020-01-05 00:00:00',319),(548,681,'2020-01-05 00:00:00',88),(549,600,'2020-01-05 00:00:00',305),(550,768,'2020-01-05 00:00:00',29),(551,677,'2020-01-05 00:00:00',211),(552,598,'2020-01-05 00:00:00',434),(553,909,'2020-01-05 00:00:00',290),(554,691,'2020-01-05 00:00:00',241),(555,540,'2020-01-05 00:00:00',170),(556,729,'2020-01-05 00:00:00',184),(557,432,'2020-01-05 00:00:00',305),(558,723,'2020-01-05 00:00:00',37),(559,607,'2020-01-05 00:00:00',277),(560,83,'2020-01-05 00:00:00',325),(561,726,'2020-01-05 00:00:00',333),(562,743,'2020-01-05 00:00:00',438),(563,354,'2020-01-05 00:00:00',81),(564,940,'2020-01-05 00:00:00',306),(565,815,'2020-01-05 00:00:00',214),(566,878,'2020-01-05 00:00:00',297),(567,628,'2020-01-05 00:00:00',64),(568,730,'2020-01-05 00:00:00',387),(569,582,'2020-01-05 00:00:00',120),(570,181,'2020-01-05 00:00:00',219),(571,279,'2020-01-05 00:00:00',367),(572,661,'2020-01-05 00:00:00',42),(573,14,'2020-01-05 00:00:00',436),(574,419,'2020-01-05 00:00:00',398),(575,526,'2020-01-05 00:00:00',291),(576,517,'2020-01-05 00:00:00',294),(577,851,'2020-01-05 00:00:00',6),(578,31,'2020-01-05 00:00:00',132),(579,697,'2020-01-05 00:00:00',80),(580,606,'2020-01-05 00:00:00',265),(581,155,'2020-01-05 00:00:00',53),(582,534,'2020-01-05 00:00:00',316),(583,216,'2020-01-05 00:00:00',180),(584,816,'2020-01-05 00:00:00',205),(585,494,'2020-01-05 00:00:00',462),(586,927,'2020-01-05 00:00:00',304),(587,475,'2020-01-05 00:00:00',6),(588,783,'2020-01-05 00:00:00',34),(589,862,'2020-01-05 00:00:00',109),(590,15,'2020-01-05 00:00:00',205),(591,62,'2020-01-05 00:00:00',296),(592,865,'2020-01-05 00:00:00',64),(593,958,'2020-01-05 00:00:00',170),(594,947,'2020-01-05 00:00:00',196),(595,995,'2020-01-05 00:00:00',483),(596,179,'2020-01-05 00:00:00',444),(597,642,'2020-01-05 00:00:00',303),(598,12,'2020-01-05 00:00:00',226),(599,85,'2020-01-05 00:00:00',368),(600,549,'2020-01-05 00:00:00',467),(601,228,'2020-01-05 00:00:00',88),(602,703,'2020-01-05 00:00:00',392),(603,55,'2020-01-05 00:00:00',166),(604,351,'2020-01-05 00:00:00',312),(605,903,'2020-01-05 00:00:00',393),(606,78,'2020-01-05 00:00:00',37),(607,379,'2020-01-05 00:00:00',440),(608,550,'2020-01-05 00:00:00',493),(609,962,'2020-01-05 00:00:00',54),(610,598,'2020-01-05 00:00:00',39),(611,85,'2020-01-05 00:00:00',20),(612,461,'2020-01-05 00:00:00',118),(613,774,'2020-01-05 00:00:00',241),(614,452,'2020-01-05 00:00:00',285),(615,507,'2020-01-05 00:00:00',241),(616,114,'2020-01-05 00:00:00',32),(617,808,'2020-01-05 00:00:00',158),(618,459,'2020-01-05 00:00:00',298),(619,516,'2020-01-05 00:00:00',449),(620,342,'2020-01-05 00:00:00',320),(621,728,'2020-01-05 00:00:00',424),(622,232,'2020-01-05 00:00:00',424),(623,65,'2020-01-05 00:00:00',172),(624,569,'2020-01-05 00:00:00',386),(625,650,'2020-01-05 00:00:00',344),(626,547,'2020-01-05 00:00:00',59),(627,139,'2020-01-05 00:00:00',365),(628,312,'2020-01-05 00:00:00',172),(629,374,'2020-01-05 00:00:00',460),(630,371,'2020-01-05 00:00:00',378),(631,957,'2020-01-05 00:00:00',134),(632,935,'2020-01-05 00:00:00',303),(633,819,'2020-01-05 00:00:00',115),(634,543,'2020-01-05 00:00:00',168),(635,783,'2020-01-05 00:00:00',491),(636,891,'2020-01-05 00:00:00',286),(637,511,'2020-01-05 00:00:00',23),(638,899,'2020-01-05 00:00:00',65),(639,740,'2020-01-05 00:00:00',98),(640,763,'2020-01-05 00:00:00',184),(641,831,'2020-01-05 00:00:00',473),(642,155,'2020-01-05 00:00:00',221),(643,405,'2020-01-05 00:00:00',357),(644,569,'2020-01-05 00:00:00',292),(645,593,'2020-01-05 00:00:00',54),(646,342,'2020-01-05 00:00:00',140),(647,689,'2020-01-05 00:00:00',371),(648,29,'2020-01-05 00:00:00',182),(649,48,'2020-01-05 00:00:00',497),(650,682,'2020-01-05 00:00:00',13),(651,771,'2020-01-05 00:00:00',309),(652,131,'2020-01-05 00:00:00',348),(653,703,'2020-01-05 00:00:00',190),(654,562,'2020-01-05 00:00:00',313),(655,299,'2020-01-05 00:00:00',83),(656,448,'2020-01-05 00:00:00',339),(657,533,'2020-01-05 00:00:00',182),(658,928,'2020-01-05 00:00:00',53),(659,352,'2020-01-05 00:00:00',219),(660,419,'2020-01-05 00:00:00',395),(661,185,'2020-01-05 00:00:00',337),(662,716,'2020-01-05 00:00:00',122),(663,133,'2020-01-05 00:00:00',193),(664,401,'2020-01-05 00:00:00',20),(665,638,'2020-01-05 00:00:00',476),(666,317,'2020-01-05 00:00:00',299),(667,505,'2020-01-05 00:00:00',175),(668,554,'2020-01-05 00:00:00',185),(669,214,'2020-01-05 00:00:00',240),(670,517,'2020-01-05 00:00:00',330),(671,488,'2020-01-05 00:00:00',460),(672,258,'2020-01-05 00:00:00',283),(673,994,'2020-01-05 00:00:00',150),(674,216,'2020-01-05 00:00:00',182),(675,487,'2020-01-05 00:00:00',210),(676,35,'2020-01-05 00:00:00',115),(677,694,'2020-01-05 00:00:00',429),(678,560,'2020-01-05 00:00:00',430),(679,59,'2020-01-05 00:00:00',226),(680,412,'2020-01-05 00:00:00',44),(681,751,'2020-01-05 00:00:00',414),(682,44,'2020-01-05 00:00:00',144),(683,622,'2020-01-05 00:00:00',417),(684,620,'2020-01-05 00:00:00',472),(685,851,'2020-01-05 00:00:00',393),(686,611,'2020-01-05 00:00:00',158),(687,994,'2020-01-05 00:00:00',404),(688,278,'2020-01-05 00:00:00',471),(689,762,'2020-01-05 00:00:00',157),(690,977,'2020-01-05 00:00:00',138),(691,179,'2020-01-05 00:00:00',304),(692,974,'2020-01-05 00:00:00',480),(693,111,'2020-01-05 00:00:00',281),(694,200,'2020-01-05 00:00:00',481),(695,673,'2020-01-05 00:00:00',378),(696,47,'2020-01-05 00:00:00',17),(697,285,'2020-01-05 00:00:00',427),(698,32,'2020-01-06 00:00:00',303),(699,521,'2020-01-06 00:00:00',121),(700,511,'2020-01-06 00:00:00',89),(701,166,'2020-01-06 00:00:00',483),(702,960,'2020-01-06 00:00:00',427),(703,472,'2020-01-06 00:00:00',140),(704,448,'2020-01-06 00:00:00',74),(705,401,'2020-01-06 00:00:00',428),(706,425,'2020-01-06 00:00:00',257),(707,714,'2020-01-06 00:00:00',88),(708,406,'2020-01-06 00:00:00',257),(709,970,'2020-01-06 00:00:00',2),(710,526,'2020-01-06 00:00:00',107),(711,181,'2020-01-06 00:00:00',140),(712,721,'2020-01-06 00:00:00',75),(713,292,'2020-01-06 00:00:00',236),(714,830,'2020-01-06 00:00:00',467),(715,933,'2020-01-06 00:00:00',225),(716,146,'2020-01-06 00:00:00',285),(717,336,'2020-01-06 00:00:00',97),(718,318,'2020-01-06 00:00:00',308),(719,359,'2020-01-06 00:00:00',440),(720,432,'2020-01-06 00:00:00',446),(721,400,'2020-01-06 00:00:00',348),(722,53,'2020-01-06 00:00:00',407),(723,908,'2020-01-06 00:00:00',395),(724,960,'2020-01-06 00:00:00',224),(725,71,'2020-01-06 00:00:00',313),(726,935,'2020-01-06 00:00:00',321),(727,420,'2020-01-06 00:00:00',450),(728,540,'2020-01-06 00:00:00',115),(729,224,'2020-01-06 00:00:00',166),(730,142,'2020-01-06 00:00:00',141),(731,84,'2020-01-06 00:00:00',64),(732,179,'2020-01-06 00:00:00',466),(733,298,'2020-01-06 00:00:00',347),(734,349,'2020-01-06 00:00:00',359),(735,387,'2020-01-06 00:00:00',118),(736,396,'2020-01-06 00:00:00',251),(737,302,'2020-01-06 00:00:00',212),(738,330,'2020-01-06 00:00:00',185),(739,520,'2020-01-06 00:00:00',397),(740,287,'2020-01-06 00:00:00',45),(741,262,'2020-01-06 00:00:00',393),(742,865,'2020-01-06 00:00:00',388),(743,213,'2020-01-06 00:00:00',41),(744,900,'2020-01-06 00:00:00',424),(745,720,'2020-01-06 00:00:00',482),(746,667,'2020-01-06 00:00:00',475),(747,609,'2020-01-06 00:00:00',133),(748,568,'2020-01-06 00:00:00',141),(749,614,'2020-01-06 00:00:00',387),(750,625,'2020-01-06 00:00:00',259),(751,287,'2020-01-06 00:00:00',13),(752,203,'2020-01-06 00:00:00',125),(753,186,'2020-01-06 00:00:00',223),(754,972,'2020-01-06 00:00:00',416),(755,236,'2020-01-06 00:00:00',308),(756,287,'2020-01-06 00:00:00',483),(757,702,'2020-01-06 00:00:00',301),(758,12,'2020-01-06 00:00:00',286),(759,342,'2020-01-06 00:00:00',275),(760,975,'2020-01-06 00:00:00',161),(761,494,'2020-01-06 00:00:00',224),(762,229,'2020-01-06 00:00:00',85),(763,843,'2020-01-06 00:00:00',434),(764,396,'2020-01-06 00:00:00',203),(765,128,'2020-01-06 00:00:00',367),(766,618,'2020-01-06 00:00:00',67),(767,802,'2020-01-06 00:00:00',455),(768,192,'2020-01-06 00:00:00',386),(769,983,'2020-01-06 00:00:00',201),(770,980,'2020-01-06 00:00:00',9),(771,21,'2020-01-06 00:00:00',312),(772,470,'2020-01-06 00:00:00',486),(773,462,'2020-01-06 00:00:00',260),(774,249,'2020-01-06 00:00:00',302),(775,232,'2020-01-06 00:00:00',230),(776,378,'2020-01-06 00:00:00',213),(777,804,'2020-01-06 00:00:00',327),(778,400,'2020-01-06 00:00:00',389),(779,889,'2020-01-06 00:00:00',101),(780,647,'2020-01-06 00:00:00',322),(781,305,'2020-01-06 00:00:00',37),(782,391,'2020-01-06 00:00:00',500),(783,607,'2020-01-06 00:00:00',21),(784,240,'2020-01-06 00:00:00',481),(785,4,'2020-01-06 00:00:00',228),(786,992,'2020-01-06 00:00:00',278),(787,636,'2020-01-06 00:00:00',177),(788,419,'2020-01-06 00:00:00',314),(789,324,'2020-01-06 00:00:00',174),(790,963,'2020-01-06 00:00:00',250),(791,808,'2020-01-06 00:00:00',167),(792,861,'2020-01-06 00:00:00',34),(793,609,'2020-01-06 00:00:00',378),(794,619,'2020-01-06 00:00:00',377),(795,549,'2020-01-06 00:00:00',472),(796,737,'2020-01-06 00:00:00',377),(797,346,'2020-01-06 00:00:00',325),(798,605,'2020-01-06 00:00:00',366),(799,824,'2020-01-06 00:00:00',437),(800,466,'2020-01-06 00:00:00',109),(801,385,'2020-01-06 00:00:00',174),(802,483,'2020-01-06 00:00:00',227),(803,179,'2020-01-06 00:00:00',233),(804,440,'2020-01-06 00:00:00',481),(805,525,'2020-01-06 00:00:00',227),(806,632,'2020-01-06 00:00:00',500),(807,593,'2020-01-06 00:00:00',477),(808,852,'2020-01-06 00:00:00',253),(809,534,'2020-01-06 00:00:00',495),(810,400,'2020-01-06 00:00:00',324),(811,468,'2020-01-06 00:00:00',250),(812,54,'2020-01-06 00:00:00',343),(813,120,'2020-01-06 00:00:00',458),(814,402,'2020-01-06 00:00:00',44),(815,547,'2020-01-06 00:00:00',469),(816,319,'2020-01-06 00:00:00',396),(817,66,'2020-01-06 00:00:00',173),(818,668,'2020-01-06 00:00:00',40),(819,564,'2020-01-06 00:00:00',93),(820,248,'2020-01-06 00:00:00',16),(821,315,'2020-01-06 00:00:00',439),(822,454,'2020-01-06 00:00:00',291),(823,906,'2020-01-06 00:00:00',39),(824,888,'2020-01-06 00:00:00',270),(825,72,'2020-01-06 00:00:00',345),(826,829,'2020-01-06 00:00:00',147),(827,594,'2020-01-06 00:00:00',492),(828,342,'2020-01-06 00:00:00',80),(829,503,'2020-01-06 00:00:00',99),(830,714,'2020-01-06 00:00:00',225),(831,456,'2020-01-06 00:00:00',285),(832,940,'2020-01-06 00:00:00',56),(833,986,'2020-01-06 00:00:00',370),(834,238,'2020-01-06 00:00:00',387),(835,34,'2020-01-06 00:00:00',60),(836,780,'2020-01-06 00:00:00',283),(837,493,'2020-01-06 00:00:00',121),(838,729,'2020-01-06 00:00:00',431),(839,612,'2020-01-06 00:00:00',173),(840,716,'2020-01-06 00:00:00',469),(841,893,'2020-01-06 00:00:00',385),(842,227,'2020-01-06 00:00:00',201),(843,563,'2020-01-06 00:00:00',486),(844,327,'2020-01-06 00:00:00',231),(845,221,'2020-01-06 00:00:00',426),(846,912,'2020-01-06 00:00:00',253),(847,167,'2020-01-06 00:00:00',108),(848,299,'2020-01-06 00:00:00',106),(849,371,'2020-01-06 00:00:00',345),(850,894,'2020-01-06 00:00:00',408),(851,122,'2020-01-06 00:00:00',144),(852,750,'2020-01-06 00:00:00',211),(853,49,'2020-01-06 00:00:00',327),(854,185,'2020-01-06 00:00:00',352),(855,840,'2020-01-06 00:00:00',214),(856,972,'2020-01-06 00:00:00',230),(857,638,'2020-01-06 00:00:00',259),(858,946,'2020-01-06 00:00:00',54),(859,401,'2020-01-06 00:00:00',377),(860,599,'2020-01-06 00:00:00',213),(861,43,'2020-01-06 00:00:00',182),(862,577,'2020-01-06 00:00:00',451),(863,53,'2020-01-06 00:00:00',238),(864,147,'2020-01-06 00:00:00',437),(865,760,'2020-01-06 00:00:00',44),(866,33,'2020-01-06 00:00:00',132),(867,334,'2020-01-06 00:00:00',298),(868,229,'2020-01-06 00:00:00',76),(869,966,'2020-01-06 00:00:00',158),(870,366,'2020-01-06 00:00:00',105),(871,137,'2020-01-06 00:00:00',135),(872,158,'2020-01-06 00:00:00',432),(873,558,'2020-01-06 00:00:00',472),(874,194,'2020-01-06 00:00:00',45),(875,425,'2020-01-06 00:00:00',4),(876,387,'2020-01-06 00:00:00',497),(877,585,'2020-01-06 00:00:00',293),(878,195,'2020-01-06 00:00:00',82),(879,306,'2020-01-06 00:00:00',158),(880,740,'2020-01-06 00:00:00',232),(881,762,'2020-01-06 00:00:00',323),(882,201,'2020-01-06 00:00:00',248),(883,988,'2020-01-06 00:00:00',43),(884,968,'2020-01-06 00:00:00',47),(885,847,'2020-01-06 00:00:00',270),(886,52,'2020-01-06 00:00:00',154),(887,767,'2020-01-06 00:00:00',393),(888,836,'2020-01-06 00:00:00',381),(889,694,'2020-01-06 00:00:00',24),(890,972,'2020-01-06 00:00:00',18),(891,46,'2020-01-06 00:00:00',53),(892,901,'2020-01-06 00:00:00',338),(893,507,'2020-01-06 00:00:00',175),(894,14,'2020-01-06 00:00:00',207),(895,518,'2020-01-07 00:00:00',466),(896,124,'2020-01-07 00:00:00',234),(897,448,'2020-01-07 00:00:00',5),(898,726,'2020-01-07 00:00:00',338),(899,654,'2020-01-07 00:00:00',464),(900,736,'2020-01-07 00:00:00',472),(901,727,'2020-01-07 00:00:00',183),(902,256,'2020-01-07 00:00:00',394),(903,165,'2020-01-07 00:00:00',473),(904,289,'2020-01-07 00:00:00',7),(905,814,'2020-01-07 00:00:00',27),(906,261,'2020-01-07 00:00:00',311),(907,679,'2020-01-07 00:00:00',457),(908,113,'2020-01-07 00:00:00',212),(909,266,'2020-01-07 00:00:00',71),(910,159,'2020-01-07 00:00:00',48),(911,600,'2020-01-07 00:00:00',416),(912,659,'2020-01-07 00:00:00',105),(913,348,'2020-01-07 00:00:00',87),(914,283,'2020-01-07 00:00:00',279),(915,224,'2020-01-07 00:00:00',47),(916,119,'2020-01-07 00:00:00',150),(917,808,'2020-01-07 00:00:00',427),(918,530,'2020-01-07 00:00:00',313),(919,883,'2020-01-07 00:00:00',177),(920,102,'2020-01-07 00:00:00',283),(921,894,'2020-01-07 00:00:00',490),(922,862,'2020-01-07 00:00:00',257),(923,799,'2020-01-07 00:00:00',434),(924,559,'2020-01-07 00:00:00',484),(925,544,'2020-01-07 00:00:00',81),(926,865,'2020-01-07 00:00:00',184),(927,469,'2020-01-07 00:00:00',492),(928,118,'2020-01-07 00:00:00',20),(929,393,'2020-01-07 00:00:00',281),(930,917,'2020-01-07 00:00:00',302),(931,939,'2020-01-07 00:00:00',401),(932,866,'2020-01-07 00:00:00',286),(933,423,'2020-01-07 00:00:00',289),(934,709,'2020-01-07 00:00:00',83),(935,689,'2020-01-07 00:00:00',229),(936,553,'2020-01-07 00:00:00',241),(937,976,'2020-01-07 00:00:00',104),(938,574,'2020-01-07 00:00:00',135),(939,218,'2020-01-07 00:00:00',135),(940,277,'2020-01-07 00:00:00',159),(941,689,'2020-01-07 00:00:00',477),(942,595,'2020-01-07 00:00:00',336),(943,752,'2020-01-07 00:00:00',175),(944,607,'2020-01-07 00:00:00',312),(945,983,'2020-01-07 00:00:00',496),(946,206,'2020-01-07 00:00:00',366),(947,982,'2020-01-07 00:00:00',435),(948,312,'2020-01-07 00:00:00',147),(949,24,'2020-01-07 00:00:00',221),(950,745,'2020-01-07 00:00:00',286),(951,577,'2020-01-07 00:00:00',285),(952,636,'2020-01-07 00:00:00',384),(953,438,'2020-01-07 00:00:00',354),(954,601,'2020-01-07 00:00:00',137),(955,253,'2020-01-07 00:00:00',251),(956,28,'2020-01-07 00:00:00',166),(957,429,'2020-01-07 00:00:00',222),(958,301,'2020-01-07 00:00:00',206),(959,83,'2020-01-07 00:00:00',417),(960,541,'2020-01-07 00:00:00',79),(961,273,'2020-01-07 00:00:00',369),(962,660,'2020-01-07 00:00:00',119),(963,488,'2020-01-07 00:00:00',67),(964,586,'2020-01-07 00:00:00',453),(965,69,'2020-01-07 00:00:00',375),(966,109,'2020-01-07 00:00:00',395),(967,732,'2020-01-07 00:00:00',443),(968,604,'2020-01-07 00:00:00',51),(969,281,'2020-01-07 00:00:00',438),(970,934,'2020-01-07 00:00:00',144),(971,955,'2020-01-07 00:00:00',485),(972,465,'2020-01-07 00:00:00',428),(973,820,'2020-01-07 00:00:00',120),(974,209,'2020-01-07 00:00:00',53),(975,607,'2020-01-07 00:00:00',353),(976,506,'2020-01-07 00:00:00',319),(977,425,'2020-01-07 00:00:00',118),(978,46,'2020-01-07 00:00:00',301),(979,9,'2020-01-07 00:00:00',457),(980,404,'2020-01-07 00:00:00',232),(981,633,'2020-01-07 00:00:00',291),(982,919,'2020-01-07 00:00:00',78),(983,250,'2020-01-07 00:00:00',50),(984,571,'2020-01-07 00:00:00',65),(985,376,'2020-01-07 00:00:00',215),(986,322,'2020-01-07 00:00:00',96),(987,71,'2020-01-07 00:00:00',109),(988,229,'2020-01-07 00:00:00',36),(989,830,'2020-01-07 00:00:00',492),(990,838,'2020-01-07 00:00:00',21),(991,589,'2020-01-07 00:00:00',280),(992,306,'2020-01-07 00:00:00',317),(993,838,'2020-01-08 00:00:00',39),(994,223,'2020-01-08 00:00:00',185),(995,32,'2020-01-08 00:00:00',455),(996,465,'2020-01-08 00:00:00',231),(997,775,'2020-01-08 00:00:00',320),(998,463,'2020-01-08 00:00:00',140),(999,838,'2020-01-08 00:00:00',377),(1000,29,'2020-01-08 00:00:00',200),(1001,509,'2020-03-15 00:00:00',201),(1002,326,'2020-03-15 00:00:00',36),(1003,652,'2020-03-15 00:00:00',80),(1004,156,'2020-03-15 00:00:00',469),(1005,246,'2020-03-15 00:00:00',405),(1006,392,'2020-03-15 00:00:00',264),(1007,37,'2020-03-15 00:00:00',32),(1008,989,'2020-03-15 00:00:00',327),(1009,812,'2020-03-15 00:00:00',466),(1010,650,'2020-03-15 00:00:00',385),(1011,106,'2020-03-15 00:00:00',88),(1012,321,'2020-03-15 00:00:00',382),(1013,61,'2020-03-15 00:00:00',376),(1014,298,'2020-03-15 00:00:00',111),(1015,654,'2020-03-15 00:00:00',172),(1016,142,'2020-03-15 00:00:00',325),(1017,243,'2020-03-15 00:00:00',169),(1018,214,'2020-03-15 00:00:00',283),(1019,874,'2020-03-15 00:00:00',258),(1020,161,'2020-03-15 00:00:00',55),(1021,522,'2020-03-15 00:00:00',194),(1022,529,'2020-03-15 00:00:00',349),(1023,832,'2020-03-15 00:00:00',27),(1024,520,'2020-03-15 00:00:00',470),(1025,834,'2020-03-15 00:00:00',496),(1026,715,'2020-03-15 00:00:00',487),(1027,161,'2020-03-15 00:00:00',471),(1028,655,'2020-03-15 00:00:00',365),(1029,140,'2020-03-15 00:00:00',141),(1030,970,'2020-03-15 00:00:00',401),(1031,371,'2020-03-15 00:00:00',4),(1032,519,'2020-03-15 00:00:00',146),(1033,365,'2020-03-15 00:00:00',365),(1034,707,'2020-03-15 00:00:00',42),(1035,75,'2020-03-15 00:00:00',204),(1036,773,'2020-03-15 00:00:00',441),(1037,397,'2020-03-15 00:00:00',401),(1038,246,'2020-03-15 00:00:00',424),(1039,277,'2020-03-15 00:00:00',357),(1040,623,'2020-03-15 00:00:00',202),(1041,337,'2020-03-15 00:00:00',388),(1042,164,'2020-03-15 00:00:00',121),(1043,111,'2020-03-15 00:00:00',240),(1044,880,'2020-03-15 00:00:00',425),(1045,820,'2020-03-15 00:00:00',471),(1046,377,'2020-03-15 00:00:00',393),(1047,26,'2020-03-15 00:00:00',353),(1048,164,'2020-03-15 00:00:00',437),(1049,743,'2020-03-15 00:00:00',457),(1050,525,'2020-03-15 00:00:00',480),(1051,321,'2020-03-15 00:00:00',306),(1052,637,'2020-03-15 00:00:00',179),(1053,473,'2020-03-15 00:00:00',392),(1054,2,'2020-03-15 00:00:00',41),(1055,455,'2020-03-15 00:00:00',285),(1056,562,'2020-03-15 00:00:00',40),(1057,949,'2020-03-15 00:00:00',344),(1058,113,'2020-03-15 00:00:00',226),(1059,273,'2020-03-15 00:00:00',432),(1060,308,'2020-03-15 00:00:00',154),(1061,291,'2020-03-15 00:00:00',121),(1062,305,'2020-03-15 00:00:00',69),(1063,229,'2020-03-15 00:00:00',419),(1064,814,'2020-03-15 00:00:00',29),(1065,773,'2020-03-15 00:00:00',264),(1066,328,'2020-03-15 00:00:00',333),(1067,882,'2020-03-15 00:00:00',362),(1068,917,'2020-03-15 00:00:00',353),(1069,858,'2020-03-15 00:00:00',281),(1070,191,'2020-03-15 00:00:00',408),(1071,354,'2020-03-15 00:00:00',301),(1072,320,'2020-03-15 00:00:00',454),(1073,91,'2020-03-15 00:00:00',223),(1074,992,'2020-03-15 00:00:00',59),(1075,192,'2020-03-15 00:00:00',446),(1076,992,'2020-03-15 00:00:00',252),(1077,722,'2020-03-15 00:00:00',305),(1078,92,'2020-03-15 00:00:00',81),(1079,913,'2020-03-15 00:00:00',404),(1080,13,'2020-03-15 00:00:00',284),(1081,331,'2020-03-15 00:00:00',359),(1082,840,'2020-03-15 00:00:00',174),(1083,124,'2020-03-15 00:00:00',387),(1084,983,'2020-03-15 00:00:00',211),(1085,852,'2020-03-15 00:00:00',237),(1086,903,'2020-03-15 00:00:00',273),(1087,463,'2020-03-15 00:00:00',47),(1088,713,'2020-03-15 00:00:00',49),(1089,950,'2020-03-15 00:00:00',136),(1090,978,'2020-03-15 00:00:00',100),(1091,548,'2020-03-15 00:00:00',29),(1092,641,'2020-03-15 00:00:00',121),(1093,728,'2020-03-15 00:00:00',101),(1094,688,'2020-03-15 00:00:00',324),(1095,384,'2020-03-15 00:00:00',209),(1096,89,'2020-03-15 00:00:00',418),(1097,549,'2020-03-15 00:00:00',239),(1098,187,'2020-03-15 00:00:00',443),(1099,254,'2020-03-15 00:00:00',465),(1100,156,'2020-03-15 00:00:00',455),(1101,405,'2020-03-15 00:00:00',485),(1102,264,'2020-03-15 00:00:00',246),(1103,176,'2020-03-15 00:00:00',165),(1104,673,'2020-03-15 00:00:00',16),(1105,31,'2020-03-15 00:00:00',158),(1106,364,'2020-03-15 00:00:00',145),(1107,307,'2020-03-15 00:00:00',399),(1108,11,'2020-03-15 00:00:00',148),(1109,841,'2020-03-15 00:00:00',33),(1110,708,'2020-03-15 00:00:00',127),(1111,88,'2020-03-15 00:00:00',229),(1112,468,'2020-03-15 00:00:00',287),(1113,883,'2020-03-15 00:00:00',241),(1114,572,'2020-03-16 00:00:00',242),(1115,681,'2020-03-16 00:00:00',110),(1116,513,'2020-03-16 00:00:00',449),(1117,585,'2020-03-16 00:00:00',444),(1118,994,'2020-03-16 00:00:00',161),(1119,110,'2020-03-16 00:00:00',265),(1120,74,'2020-03-16 00:00:00',297),(1121,985,'2020-03-16 00:00:00',139),(1122,157,'2020-03-16 00:00:00',203),(1123,282,'2020-03-16 00:00:00',398),(1124,56,'2020-03-16 00:00:00',99),(1125,598,'2020-03-16 00:00:00',50),(1126,687,'2020-03-16 00:00:00',476),(1127,142,'2020-03-16 00:00:00',147),(1128,224,'2020-03-16 00:00:00',125),(1129,324,'2020-03-16 00:00:00',488),(1130,468,'2020-03-16 00:00:00',319),(1131,74,'2020-03-16 00:00:00',276),(1132,803,'2020-03-16 00:00:00',166),(1133,179,'2020-03-16 00:00:00',296),(1134,127,'2020-03-16 00:00:00',347),(1135,467,'2020-03-16 00:00:00',269),(1136,63,'2020-03-16 00:00:00',433),(1137,270,'2020-03-16 00:00:00',216),(1138,866,'2020-03-16 00:00:00',288),(1139,677,'2020-03-16 00:00:00',24),(1140,177,'2020-03-16 00:00:00',226),(1141,230,'2020-03-16 00:00:00',241),(1142,549,'2020-03-16 00:00:00',100),(1143,920,'2020-03-16 00:00:00',323),(1144,25,'2020-03-16 00:00:00',384),(1145,850,'2020-03-16 00:00:00',182),(1146,535,'2020-03-16 00:00:00',33),(1147,722,'2020-03-16 00:00:00',488),(1148,676,'2020-03-16 00:00:00',163),(1149,701,'2020-03-16 00:00:00',483),(1150,726,'2020-03-16 00:00:00',347),(1151,968,'2020-03-16 00:00:00',255),(1152,792,'2020-03-16 00:00:00',206),(1153,147,'2020-03-16 00:00:00',27),(1154,955,'2020-03-16 00:00:00',308),(1155,140,'2020-03-16 00:00:00',395),(1156,395,'2020-03-16 00:00:00',218),(1157,620,'2020-03-16 00:00:00',157),(1158,682,'2020-03-16 00:00:00',404),(1159,440,'2020-03-16 00:00:00',182),(1160,158,'2020-03-16 00:00:00',430),(1161,360,'2020-03-16 00:00:00',445),(1162,770,'2020-03-16 00:00:00',125),(1163,354,'2020-03-16 00:00:00',351),(1164,862,'2020-03-16 00:00:00',452),(1165,879,'2020-03-16 00:00:00',322),(1166,990,'2020-03-16 00:00:00',122),(1167,664,'2020-03-16 00:00:00',347),(1168,21,'2020-03-16 00:00:00',450),(1169,935,'2020-03-16 00:00:00',87),(1170,524,'2020-03-16 00:00:00',270),(1171,5,'2020-03-16 00:00:00',87),(1172,54,'2020-03-16 00:00:00',100),(1173,216,'2020-03-16 00:00:00',30),(1174,444,'2020-03-16 00:00:00',7),(1175,230,'2020-03-16 00:00:00',300),(1176,356,'2020-03-16 00:00:00',240),(1177,577,'2020-03-16 00:00:00',366),(1178,277,'2020-03-16 00:00:00',419),(1179,174,'2020-03-16 00:00:00',285),(1180,272,'2020-03-16 00:00:00',324),(1181,733,'2020-03-16 00:00:00',117),(1182,432,'2020-03-16 00:00:00',234),(1183,498,'2020-03-16 00:00:00',104),(1184,65,'2020-03-16 00:00:00',264),(1185,934,'2020-03-16 00:00:00',51),(1186,433,'2020-03-16 00:00:00',285),(1187,67,'2020-03-16 00:00:00',132),(1188,928,'2020-03-16 00:00:00',16),(1189,317,'2020-03-16 00:00:00',22),(1190,529,'2020-03-16 00:00:00',245),(1191,431,'2020-03-16 00:00:00',270),(1192,498,'2020-03-16 00:00:00',98),(1193,534,'2020-03-16 00:00:00',57),(1194,118,'2020-03-16 00:00:00',184),(1195,175,'2020-03-16 00:00:00',303),(1196,114,'2020-03-16 00:00:00',453),(1197,730,'2020-03-16 00:00:00',109),(1198,313,'2020-03-16 00:00:00',282),(1199,927,'2020-03-16 00:00:00',114),(1200,319,'2020-03-16 00:00:00',499),(1201,764,'2020-03-16 00:00:00',39),(1202,310,'2020-03-16 00:00:00',281),(1203,345,'2020-03-16 00:00:00',379),(1204,446,'2020-03-16 00:00:00',37),(1205,462,'2020-03-16 00:00:00',381),(1206,79,'2020-03-16 00:00:00',133),(1207,393,'2020-03-16 00:00:00',458),(1208,502,'2020-03-16 00:00:00',212),(1209,965,'2020-03-16 00:00:00',201),(1210,959,'2020-03-16 00:00:00',458),(1211,616,'2020-03-16 00:00:00',213),(1212,29,'2020-03-16 00:00:00',485),(1213,83,'2020-03-16 00:00:00',147),(1214,991,'2020-03-16 00:00:00',96),(1215,138,'2020-03-16 00:00:00',163),(1216,603,'2020-03-16 00:00:00',452),(1217,95,'2020-03-16 00:00:00',111),(1218,486,'2020-03-16 00:00:00',166),(1219,166,'2020-03-16 00:00:00',275),(1220,606,'2020-03-16 00:00:00',356),(1221,489,'2020-03-16 00:00:00',289),(1222,698,'2020-03-16 00:00:00',322),(1223,301,'2020-03-16 00:00:00',396),(1224,158,'2020-03-16 00:00:00',136),(1225,133,'2020-03-16 00:00:00',347),(1226,487,'2020-03-16 00:00:00',2),(1227,465,'2020-03-16 00:00:00',391),(1228,60,'2020-03-16 00:00:00',202),(1229,403,'2020-03-16 00:00:00',25),(1230,101,'2020-03-16 00:00:00',425),(1231,281,'2020-03-16 00:00:00',185),(1232,203,'2020-03-16 00:00:00',58),(1233,860,'2020-03-16 00:00:00',393),(1234,852,'2020-03-16 00:00:00',437),(1235,304,'2020-03-16 00:00:00',230),(1236,87,'2020-03-16 00:00:00',445),(1237,2,'2020-03-16 00:00:00',38),(1238,234,'2020-03-16 00:00:00',444),(1239,350,'2020-03-16 00:00:00',226),(1240,414,'2020-03-16 00:00:00',240),(1241,868,'2020-03-16 00:00:00',431),(1242,326,'2020-03-16 00:00:00',31),(1243,790,'2020-03-16 00:00:00',345),(1244,249,'2020-03-16 00:00:00',460),(1245,677,'2020-03-16 00:00:00',137),(1246,563,'2020-03-16 00:00:00',165),(1247,944,'2020-03-16 00:00:00',471),(1248,325,'2020-03-16 00:00:00',65),(1249,941,'2020-03-16 00:00:00',109),(1250,329,'2020-03-16 00:00:00',279),(1251,264,'2020-03-16 00:00:00',332),(1252,520,'2020-03-16 00:00:00',340),(1253,544,'2020-03-16 00:00:00',403),(1254,481,'2020-03-16 00:00:00',436),(1255,701,'2020-03-16 00:00:00',100),(1256,951,'2020-03-16 00:00:00',16),(1257,430,'2020-03-16 00:00:00',234),(1258,859,'2020-03-16 00:00:00',169),(1259,913,'2020-03-16 00:00:00',107),(1260,628,'2020-03-16 00:00:00',83),(1261,313,'2020-03-16 00:00:00',211),(1262,385,'2020-03-16 00:00:00',320),(1263,728,'2020-03-16 00:00:00',296),(1264,544,'2020-03-16 00:00:00',411),(1265,532,'2020-03-16 00:00:00',171),(1266,759,'2020-03-16 00:00:00',446),(1267,443,'2020-03-16 00:00:00',380),(1268,264,'2020-03-16 00:00:00',324),(1269,481,'2020-03-16 00:00:00',382),(1270,862,'2020-03-16 00:00:00',469),(1271,409,'2020-03-16 00:00:00',372),(1272,310,'2020-03-16 00:00:00',428),(1273,541,'2020-03-16 00:00:00',300),(1274,248,'2020-03-16 00:00:00',249),(1275,20,'2020-03-16 00:00:00',173),(1276,159,'2020-03-16 00:00:00',17),(1277,505,'2020-03-16 00:00:00',128),(1278,814,'2020-03-16 00:00:00',403),(1279,267,'2020-03-16 00:00:00',14),(1280,561,'2020-03-16 00:00:00',406),(1281,311,'2020-03-16 00:00:00',355),(1282,859,'2020-03-16 00:00:00',390),(1283,341,'2020-03-16 00:00:00',434),(1284,56,'2020-03-16 00:00:00',228),(1285,819,'2020-03-16 00:00:00',165),(1286,85,'2020-03-16 00:00:00',63),(1287,578,'2020-03-16 00:00:00',487),(1288,674,'2020-03-16 00:00:00',330),(1289,282,'2020-03-16 00:00:00',225),(1290,935,'2020-03-16 00:00:00',134),(1291,405,'2020-03-16 00:00:00',482),(1292,574,'2020-03-16 00:00:00',453),(1293,620,'2020-03-16 00:00:00',481),(1294,793,'2020-03-16 00:00:00',105),(1295,551,'2020-03-16 00:00:00',439),(1296,215,'2020-03-16 00:00:00',279),(1297,830,'2020-03-16 00:00:00',68),(1298,657,'2020-03-16 00:00:00',215),(1299,606,'2020-03-16 00:00:00',69),(1300,40,'2020-03-16 00:00:00',73),(1301,893,'2020-03-16 00:00:00',351),(1302,455,'2020-03-16 00:00:00',467),(1303,757,'2020-03-16 00:00:00',37),(1304,347,'2020-03-16 00:00:00',303),(1305,799,'2020-03-16 00:00:00',440),(1306,615,'2020-03-16 00:00:00',285),(1307,858,'2020-03-16 00:00:00',360),(1308,422,'2020-03-16 00:00:00',256),(1309,22,'2020-03-16 00:00:00',323),(1310,213,'2020-03-16 00:00:00',163),(1311,522,'2020-03-16 00:00:00',62),(1312,995,'2020-03-16 00:00:00',21),(1313,605,'2020-03-16 00:00:00',277),(1314,569,'2020-03-16 00:00:00',151),(1315,734,'2020-03-16 00:00:00',465),(1316,252,'2020-03-16 00:00:00',445),(1317,434,'2020-03-16 00:00:00',458),(1318,451,'2020-03-16 00:00:00',402),(1319,838,'2020-03-16 00:00:00',386),(1320,882,'2020-03-16 00:00:00',497),(1321,415,'2020-03-16 00:00:00',447),(1322,94,'2020-03-16 00:00:00',489),(1323,46,'2020-03-16 00:00:00',195),(1324,517,'2020-03-16 00:00:00',264),(1325,675,'2020-03-16 00:00:00',457),(1326,148,'2020-03-16 00:00:00',306),(1327,721,'2020-03-16 00:00:00',21),(1328,172,'2020-03-16 00:00:00',367),(1329,118,'2020-03-16 00:00:00',38),(1330,932,'2020-03-16 00:00:00',478),(1331,610,'2020-03-16 00:00:00',16),(1332,306,'2020-03-16 00:00:00',146),(1333,152,'2020-03-16 00:00:00',162),(1334,74,'2020-03-16 00:00:00',457),(1335,224,'2020-03-16 00:00:00',457),(1336,367,'2020-03-16 00:00:00',500),(1337,942,'2020-03-16 00:00:00',323),(1338,563,'2020-03-16 00:00:00',124),(1339,929,'2020-03-16 00:00:00',478),(1340,830,'2020-03-16 00:00:00',434),(1341,283,'2020-03-16 00:00:00',268),(1342,554,'2020-03-16 00:00:00',96),(1343,569,'2020-03-16 00:00:00',317),(1344,845,'2020-03-16 00:00:00',157),(1345,589,'2020-03-16 00:00:00',311),(1346,148,'2020-03-17 00:00:00',258),(1347,637,'2020-03-17 00:00:00',50),(1348,148,'2020-03-17 00:00:00',251),(1349,416,'2020-03-17 00:00:00',77),(1350,396,'2020-03-17 00:00:00',453),(1351,565,'2020-03-17 00:00:00',275),(1352,919,'2020-03-17 00:00:00',107),(1353,562,'2020-03-17 00:00:00',434),(1354,655,'2020-03-17 00:00:00',207),(1355,615,'2020-03-17 00:00:00',411),(1356,427,'2020-03-17 00:00:00',407),(1357,755,'2020-03-17 00:00:00',374),(1358,258,'2020-03-17 00:00:00',338),(1359,217,'2020-03-17 00:00:00',190),(1360,474,'2020-03-17 00:00:00',243),(1361,831,'2020-03-17 00:00:00',207),(1362,762,'2020-03-17 00:00:00',122),(1363,909,'2020-03-17 00:00:00',399),(1364,456,'2020-03-17 00:00:00',139),(1365,308,'2020-03-17 00:00:00',13),(1366,965,'2020-03-17 00:00:00',480),(1367,782,'2020-03-17 00:00:00',214),(1368,631,'2020-03-17 00:00:00',295),(1369,661,'2020-03-17 00:00:00',238),(1370,416,'2020-03-17 00:00:00',243),(1371,683,'2020-03-17 00:00:00',298),(1372,868,'2020-03-17 00:00:00',251),(1373,20,'2020-03-17 00:00:00',79),(1374,489,'2020-03-17 00:00:00',495),(1375,808,'2020-03-17 00:00:00',494),(1376,257,'2020-03-17 00:00:00',484),(1377,779,'2020-03-17 00:00:00',108),(1378,461,'2020-03-17 00:00:00',213),(1379,515,'2020-03-17 00:00:00',249),(1380,607,'2020-03-17 00:00:00',437),(1381,110,'2020-03-17 00:00:00',121),(1382,321,'2020-03-17 00:00:00',335),(1383,722,'2020-03-17 00:00:00',84),(1384,708,'2020-03-17 00:00:00',366),(1385,71,'2020-03-17 00:00:00',224),(1386,321,'2020-03-17 00:00:00',289),(1387,916,'2020-03-17 00:00:00',344),(1388,118,'2020-03-17 00:00:00',52),(1389,35,'2020-03-17 00:00:00',357),(1390,107,'2020-03-17 00:00:00',33),(1391,473,'2020-03-17 00:00:00',63),(1392,655,'2020-03-17 00:00:00',49),(1393,9,'2020-03-17 00:00:00',384),(1394,338,'2020-03-17 00:00:00',163),(1395,450,'2020-03-17 00:00:00',109),(1396,848,'2020-03-17 00:00:00',294),(1397,245,'2020-03-17 00:00:00',22),(1398,780,'2020-03-17 00:00:00',382),(1399,345,'2020-03-17 00:00:00',211),(1400,915,'2020-03-17 00:00:00',59),(1401,99,'2020-03-17 00:00:00',132),(1402,718,'2020-03-17 00:00:00',257),(1403,815,'2020-03-17 00:00:00',171),(1404,927,'2020-03-17 00:00:00',102),(1405,484,'2020-03-17 00:00:00',397),(1406,71,'2020-03-17 00:00:00',391),(1407,615,'2020-03-17 00:00:00',163),(1408,852,'2020-03-17 00:00:00',14),(1409,72,'2020-03-17 00:00:00',156),(1410,826,'2020-03-17 00:00:00',188),(1411,911,'2020-03-17 00:00:00',234),(1412,376,'2020-03-17 00:00:00',48),(1413,752,'2020-03-17 00:00:00',254),(1414,190,'2020-03-17 00:00:00',112),(1415,584,'2020-03-17 00:00:00',50),(1416,769,'2020-03-17 00:00:00',317),(1417,980,'2020-03-17 00:00:00',127),(1418,574,'2020-03-17 00:00:00',170),(1419,429,'2020-03-17 00:00:00',107),(1420,485,'2020-03-17 00:00:00',27),(1421,485,'2020-03-17 00:00:00',224),(1422,569,'2020-03-17 00:00:00',232),(1423,341,'2020-03-17 00:00:00',35),(1424,271,'2020-03-17 00:00:00',495),(1425,995,'2020-03-17 00:00:00',289),(1426,157,'2020-03-17 00:00:00',34),(1427,43,'2020-03-17 00:00:00',203),(1428,405,'2020-03-17 00:00:00',177),(1429,317,'2020-03-17 00:00:00',89),(1430,348,'2020-03-17 00:00:00',32),(1431,689,'2020-03-17 00:00:00',492),(1432,224,'2020-03-17 00:00:00',342),(1433,875,'2020-03-17 00:00:00',359),(1434,313,'2020-03-17 00:00:00',41),(1435,360,'2020-03-17 00:00:00',484),(1436,45,'2020-03-17 00:00:00',404),(1437,116,'2020-03-17 00:00:00',427),(1438,756,'2020-03-17 00:00:00',202),(1439,868,'2020-03-17 00:00:00',218),(1440,859,'2020-03-17 00:00:00',302),(1441,358,'2020-03-17 00:00:00',83),(1442,276,'2020-03-17 00:00:00',461),(1443,943,'2020-03-17 00:00:00',482),(1444,160,'2020-03-17 00:00:00',46),(1445,249,'2020-03-17 00:00:00',492),(1446,16,'2020-03-17 00:00:00',353),(1447,616,'2020-03-17 00:00:00',464),(1448,792,'2020-03-17 00:00:00',144),(1449,515,'2020-03-17 00:00:00',211),(1450,763,'2020-03-17 00:00:00',171),(1451,358,'2020-03-17 00:00:00',24),(1452,307,'2020-03-17 00:00:00',378),(1453,934,'2020-03-17 00:00:00',106),(1454,60,'2020-03-17 00:00:00',271),(1455,588,'2020-03-17 00:00:00',1),(1456,89,'2020-03-17 00:00:00',429),(1457,840,'2020-03-17 00:00:00',336),(1458,907,'2020-03-17 00:00:00',232),(1459,951,'2020-03-17 00:00:00',265),(1460,357,'2020-03-17 00:00:00',214),(1461,903,'2020-03-17 00:00:00',357),(1462,734,'2020-03-17 00:00:00',130),(1463,732,'2020-03-17 00:00:00',94),(1464,90,'2020-03-17 00:00:00',180),(1465,858,'2020-03-17 00:00:00',361),(1466,858,'2020-03-17 00:00:00',430),(1467,331,'2020-03-17 00:00:00',100),(1468,999,'2020-03-17 00:00:00',294),(1469,435,'2020-03-17 00:00:00',231),(1470,655,'2020-03-17 00:00:00',366),(1471,183,'2020-03-17 00:00:00',66),(1472,699,'2020-03-17 00:00:00',446),(1473,277,'2020-03-17 00:00:00',224),(1474,969,'2020-03-17 00:00:00',326),(1475,569,'2020-03-17 00:00:00',14),(1476,185,'2020-03-17 00:00:00',15),(1477,397,'2020-03-17 00:00:00',497),(1478,330,'2020-03-17 00:00:00',333),(1479,668,'2020-03-17 00:00:00',3),(1480,500,'2020-03-17 00:00:00',102),(1481,602,'2020-03-17 00:00:00',316),(1482,754,'2020-03-17 00:00:00',267),(1483,429,'2020-03-17 00:00:00',259),(1484,254,'2020-03-17 00:00:00',323),(1485,256,'2020-03-17 00:00:00',367),(1486,660,'2020-03-17 00:00:00',464),(1487,269,'2020-03-17 00:00:00',266),(1488,629,'2020-03-17 00:00:00',439),(1489,810,'2020-03-17 00:00:00',53),(1490,522,'2020-03-17 00:00:00',232),(1491,415,'2020-03-17 00:00:00',203),(1492,565,'2020-03-17 00:00:00',11),(1493,257,'2020-03-17 00:00:00',121),(1494,935,'2020-03-17 00:00:00',185),(1495,446,'2020-03-17 00:00:00',32),(1496,145,'2020-03-17 00:00:00',371),(1497,697,'2020-03-17 00:00:00',136),(1498,154,'2020-03-17 00:00:00',355),(1499,949,'2020-03-17 00:00:00',72),(1500,666,'2020-03-17 00:00:00',487),(1501,156,'2020-03-17 00:00:00',190),(1502,353,'2020-03-17 00:00:00',265),(1503,260,'2020-03-17 00:00:00',436),(1504,533,'2020-03-17 00:00:00',101),(1505,534,'2020-03-17 00:00:00',344),(1506,277,'2020-03-17 00:00:00',143),(1507,752,'2020-03-17 00:00:00',228),(1508,588,'2020-03-17 00:00:00',318),(1509,181,'2020-03-17 00:00:00',242),(1510,925,'2020-03-17 00:00:00',391),(1511,329,'2020-03-17 00:00:00',364),(1512,848,'2020-03-17 00:00:00',474),(1513,343,'2020-03-17 00:00:00',212),(1514,868,'2020-03-17 00:00:00',376),(1515,59,'2020-03-17 00:00:00',232),(1516,310,'2020-03-17 00:00:00',210),(1517,456,'2020-03-17 00:00:00',320),(1518,895,'2020-03-17 00:00:00',358),(1519,1000,'2020-03-17 00:00:00',126),(1520,946,'2020-03-17 00:00:00',174),(1521,294,'2020-03-17 00:00:00',422),(1522,694,'2020-03-17 00:00:00',419),(1523,690,'2020-03-17 00:00:00',308),(1524,341,'2020-03-18 00:00:00',398),(1525,655,'2020-03-18 00:00:00',165),(1526,229,'2020-03-18 00:00:00',53),(1527,350,'2020-03-18 00:00:00',188),(1528,634,'2020-03-18 00:00:00',72),(1529,411,'2020-03-18 00:00:00',353),(1530,515,'2020-03-18 00:00:00',361),(1531,480,'2020-03-18 00:00:00',471),(1532,502,'2020-03-18 00:00:00',401),(1533,381,'2020-03-18 00:00:00',131),(1534,284,'2020-03-18 00:00:00',202),(1535,13,'2020-03-18 00:00:00',280),(1536,646,'2020-03-18 00:00:00',283),(1537,77,'2020-03-18 00:00:00',98),(1538,153,'2020-03-18 00:00:00',465),(1539,305,'2020-03-18 00:00:00',402),(1540,492,'2020-03-18 00:00:00',261),(1541,485,'2020-03-18 00:00:00',465),(1542,416,'2020-03-18 00:00:00',276),(1543,744,'2020-03-18 00:00:00',30),(1544,54,'2020-03-18 00:00:00',20),(1545,107,'2020-03-18 00:00:00',444),(1546,198,'2020-03-18 00:00:00',492),(1547,553,'2020-03-18 00:00:00',262),(1548,334,'2020-03-18 00:00:00',441),(1549,792,'2020-03-18 00:00:00',258),(1550,717,'2020-03-18 00:00:00',117),(1551,641,'2020-03-18 00:00:00',351),(1552,542,'2020-03-18 00:00:00',237),(1553,360,'2020-03-18 00:00:00',368),(1554,330,'2020-03-18 00:00:00',207),(1555,37,'2020-03-18 00:00:00',152),(1556,78,'2020-03-18 00:00:00',304),(1557,18,'2020-03-18 00:00:00',443),(1558,73,'2020-03-18 00:00:00',315),(1559,903,'2020-03-18 00:00:00',285),(1560,125,'2020-03-18 00:00:00',414),(1561,639,'2020-03-18 00:00:00',481),(1562,225,'2020-03-18 00:00:00',148),(1563,826,'2020-03-18 00:00:00',330),(1564,945,'2020-03-18 00:00:00',387),(1565,870,'2020-03-18 00:00:00',343),(1566,112,'2020-03-18 00:00:00',250),(1567,6,'2020-03-18 00:00:00',409),(1568,303,'2020-03-18 00:00:00',416),(1569,352,'2020-03-18 00:00:00',157),(1570,194,'2020-03-18 00:00:00',452),(1571,769,'2020-03-18 00:00:00',219),(1572,794,'2020-03-18 00:00:00',189),(1573,185,'2020-03-18 00:00:00',156),(1574,685,'2020-03-18 00:00:00',485),(1575,623,'2020-03-18 00:00:00',324),(1576,783,'2020-03-18 00:00:00',158),(1577,187,'2020-03-18 00:00:00',120),(1578,525,'2020-03-18 00:00:00',392),(1579,945,'2020-03-18 00:00:00',331),(1580,941,'2020-03-18 00:00:00',256),(1581,741,'2020-03-18 00:00:00',341),(1582,243,'2020-03-18 00:00:00',179),(1583,677,'2020-03-18 00:00:00',383),(1584,149,'2020-03-18 00:00:00',94),(1585,972,'2020-03-18 00:00:00',297),(1586,722,'2020-03-18 00:00:00',280),(1587,132,'2020-03-18 00:00:00',172),(1588,884,'2020-03-18 00:00:00',409),(1589,849,'2020-03-18 00:00:00',444),(1590,153,'2020-03-18 00:00:00',409),(1591,320,'2020-03-18 00:00:00',446),(1592,726,'2020-03-18 00:00:00',26),(1593,375,'2020-03-18 00:00:00',417),(1594,320,'2020-03-18 00:00:00',430),(1595,418,'2020-03-18 00:00:00',196),(1596,214,'2020-03-18 00:00:00',460),(1597,121,'2020-03-18 00:00:00',13),(1598,379,'2020-03-18 00:00:00',159),(1599,700,'2020-03-18 00:00:00',129),(1600,913,'2020-03-18 00:00:00',115),(1601,669,'2020-03-18 00:00:00',195),(1602,932,'2020-03-18 00:00:00',11),(1603,496,'2020-03-18 00:00:00',303),(1604,382,'2020-03-18 00:00:00',46),(1605,810,'2020-03-18 00:00:00',438),(1606,30,'2020-03-18 00:00:00',371),(1607,672,'2020-03-18 00:00:00',198),(1608,315,'2020-03-18 00:00:00',420),(1609,134,'2020-03-18 00:00:00',68),(1610,707,'2020-03-18 00:00:00',336),(1611,72,'2020-03-18 00:00:00',23),(1612,658,'2020-03-18 00:00:00',186),(1613,456,'2020-03-18 00:00:00',153),(1614,52,'2020-03-18 00:00:00',356),(1615,219,'2020-03-18 00:00:00',378),(1616,475,'2020-03-18 00:00:00',3),(1617,716,'2020-03-18 00:00:00',142),(1618,690,'2020-03-18 00:00:00',319),(1619,32,'2020-03-18 00:00:00',346),(1620,848,'2020-03-18 00:00:00',228),(1621,80,'2020-03-18 00:00:00',205),(1622,58,'2020-03-18 00:00:00',259),(1623,73,'2020-03-18 00:00:00',131),(1624,380,'2020-03-18 00:00:00',275),(1625,305,'2020-03-18 00:00:00',426),(1626,996,'2020-03-18 00:00:00',210),(1627,570,'2020-03-18 00:00:00',265),(1628,707,'2020-03-18 00:00:00',434),(1629,434,'2020-03-18 00:00:00',152),(1630,418,'2020-03-18 00:00:00',207),(1631,884,'2020-03-18 00:00:00',312),(1632,237,'2020-03-18 00:00:00',415),(1633,441,'2020-03-18 00:00:00',134),(1634,248,'2020-03-18 00:00:00',232),(1635,231,'2020-03-18 00:00:00',178),(1636,521,'2020-03-18 00:00:00',336),(1637,815,'2020-03-18 00:00:00',303),(1638,281,'2020-03-18 00:00:00',242),(1639,583,'2020-03-18 00:00:00',484),(1640,726,'2020-03-18 00:00:00',21),(1641,634,'2020-03-18 00:00:00',415),(1642,409,'2020-03-18 00:00:00',254),(1643,930,'2020-03-18 00:00:00',25),(1644,133,'2020-03-18 00:00:00',94),(1645,165,'2020-03-18 00:00:00',289),(1646,296,'2020-03-18 00:00:00',309),(1647,375,'2020-03-18 00:00:00',114),(1648,245,'2020-03-18 00:00:00',68),(1649,397,'2020-03-18 00:00:00',37),(1650,308,'2020-03-18 00:00:00',247),(1651,100,'2020-03-18 00:00:00',409),(1652,908,'2020-03-18 00:00:00',382),(1653,133,'2020-03-18 00:00:00',74),(1654,441,'2020-03-18 00:00:00',305),(1655,814,'2020-03-18 00:00:00',62),(1656,76,'2020-03-18 00:00:00',146),(1657,727,'2020-03-18 00:00:00',415),(1658,240,'2020-03-18 00:00:00',328),(1659,803,'2020-03-18 00:00:00',137),(1660,991,'2020-03-18 00:00:00',211),(1661,773,'2020-03-20 00:00:00',228),(1662,34,'2020-03-20 00:00:00',274),(1663,549,'2020-03-20 00:00:00',351),(1664,489,'2020-03-20 00:00:00',49),(1665,399,'2020-03-20 00:00:00',455),(1666,982,'2020-03-20 00:00:00',41),(1667,411,'2020-03-20 00:00:00',253),(1668,303,'2020-03-20 00:00:00',361),(1669,75,'2020-03-20 00:00:00',35),(1670,920,'2020-03-20 00:00:00',208),(1671,509,'2020-03-20 00:00:00',281),(1672,803,'2020-03-20 00:00:00',429),(1673,812,'2020-03-20 00:00:00',44),(1674,717,'2020-03-20 00:00:00',151),(1675,561,'2020-03-20 00:00:00',173),(1676,446,'2020-03-20 00:00:00',432),(1677,739,'2020-03-20 00:00:00',203),(1678,897,'2020-03-20 00:00:00',284),(1679,198,'2020-03-20 00:00:00',133),(1680,407,'2020-03-20 00:00:00',210),(1681,670,'2020-03-20 00:00:00',359),(1682,233,'2020-03-20 00:00:00',240),(1683,797,'2020-03-20 00:00:00',257),(1684,127,'2020-03-20 00:00:00',155),(1685,202,'2020-03-20 00:00:00',357),(1686,496,'2020-03-20 00:00:00',89),(1687,194,'2020-03-20 00:00:00',441),(1688,136,'2020-03-20 00:00:00',10),(1689,748,'2020-03-20 00:00:00',442),(1690,554,'2020-03-20 00:00:00',72),(1691,824,'2020-03-20 00:00:00',197),(1692,667,'2020-03-20 00:00:00',399),(1693,980,'2020-03-20 00:00:00',154),(1694,840,'2020-03-20 00:00:00',18),(1695,126,'2020-03-20 00:00:00',193),(1696,682,'2020-03-20 00:00:00',141),(1697,731,'2020-03-20 00:00:00',284),(1698,602,'2020-03-20 00:00:00',88),(1699,891,'2020-03-20 00:00:00',427),(1700,177,'2020-03-20 00:00:00',89),(1701,749,'2020-03-20 00:00:00',163),(1702,843,'2020-03-20 00:00:00',468),(1703,288,'2020-03-20 00:00:00',488),(1704,12,'2020-03-20 00:00:00',155),(1705,575,'2020-03-20 00:00:00',376),(1706,478,'2020-03-20 00:00:00',33),(1707,171,'2020-03-20 00:00:00',313),(1708,878,'2020-03-20 00:00:00',98),(1709,597,'2020-03-20 00:00:00',284),(1710,307,'2020-03-20 00:00:00',149),(1711,32,'2020-03-20 00:00:00',470),(1712,824,'2020-03-20 00:00:00',205),(1713,773,'2020-03-20 00:00:00',199),(1714,151,'2020-03-20 00:00:00',265),(1715,577,'2020-03-20 00:00:00',127),(1716,135,'2020-03-20 00:00:00',375),(1717,418,'2020-03-20 00:00:00',398),(1718,9,'2020-03-20 00:00:00',80),(1719,525,'2020-03-20 00:00:00',25),(1720,512,'2020-03-20 00:00:00',38),(1721,882,'2020-03-20 00:00:00',73),(1722,794,'2020-03-20 00:00:00',402),(1723,910,'2020-03-20 00:00:00',8),(1724,356,'2020-03-20 00:00:00',449),(1725,518,'2020-03-20 00:00:00',69),(1726,943,'2020-03-20 00:00:00',34),(1727,649,'2020-03-20 00:00:00',79),(1728,968,'2020-03-20 00:00:00',233),(1729,269,'2020-03-20 00:00:00',475),(1730,913,'2020-03-20 00:00:00',190),(1731,951,'2020-03-20 00:00:00',175),(1732,982,'2020-03-20 00:00:00',367),(1733,811,'2020-03-20 00:00:00',278),(1734,39,'2020-03-20 00:00:00',165),(1735,445,'2020-03-20 00:00:00',250),(1736,428,'2020-03-20 00:00:00',491),(1737,20,'2020-03-20 00:00:00',368),(1738,746,'2020-03-20 00:00:00',373),(1739,271,'2020-03-20 00:00:00',66),(1740,713,'2020-03-20 00:00:00',343),(1741,705,'2020-03-20 00:00:00',378),(1742,82,'2020-03-20 00:00:00',381),(1743,593,'2020-03-20 00:00:00',398),(1744,340,'2020-03-20 00:00:00',268),(1745,634,'2020-03-20 00:00:00',444),(1746,509,'2020-03-20 00:00:00',466),(1747,907,'2020-03-20 00:00:00',162),(1748,632,'2020-03-20 00:00:00',310),(1749,51,'2020-03-20 00:00:00',203),(1750,291,'2020-03-20 00:00:00',131),(1751,901,'2020-03-20 00:00:00',85),(1752,262,'2020-03-20 00:00:00',208),(1753,945,'2020-03-20 00:00:00',420),(1754,256,'2020-04-17 00:00:00',160),(1755,659,'2020-04-17 00:00:00',225),(1756,546,'2020-04-17 00:00:00',125),(1757,367,'2020-04-17 00:00:00',63),(1758,186,'2020-04-17 00:00:00',169),(1759,152,'2020-04-17 00:00:00',148),(1760,81,'2020-04-17 00:00:00',150),(1761,21,'2020-04-17 00:00:00',31),(1762,742,'2020-04-17 00:00:00',154),(1763,443,'2020-04-17 00:00:00',325),(1764,915,'2020-04-17 00:00:00',478),(1765,454,'2020-04-17 00:00:00',219),(1766,511,'2020-04-17 00:00:00',50),(1767,704,'2020-04-17 00:00:00',277),(1768,888,'2020-04-17 00:00:00',110),(1769,259,'2020-04-17 00:00:00',296),(1770,124,'2020-04-17 00:00:00',395),(1771,274,'2020-04-17 00:00:00',189),(1772,162,'2020-04-17 00:00:00',340),(1773,947,'2020-04-17 00:00:00',226),(1774,276,'2020-04-17 00:00:00',12),(1775,84,'2020-04-17 00:00:00',279),(1776,28,'2020-04-17 00:00:00',330),(1777,776,'2020-04-17 00:00:00',492),(1778,764,'2020-04-17 00:00:00',320),(1779,645,'2020-04-17 00:00:00',471),(1780,355,'2020-04-17 00:00:00',423),(1781,685,'2020-04-17 00:00:00',444),(1782,861,'2020-04-17 00:00:00',276),(1783,810,'2020-04-17 00:00:00',190),(1784,160,'2020-04-17 00:00:00',201),(1785,719,'2020-04-17 00:00:00',336),(1786,165,'2020-04-17 00:00:00',131),(1787,684,'2020-04-17 00:00:00',320),(1788,881,'2020-04-17 00:00:00',194),(1789,294,'2020-04-17 00:00:00',445),(1790,727,'2020-04-17 00:00:00',314),(1791,377,'2020-04-17 00:00:00',285),(1792,308,'2020-04-17 00:00:00',128),(1793,81,'2020-04-17 00:00:00',150),(1794,401,'2020-04-17 00:00:00',284),(1795,196,'2020-04-17 00:00:00',435),(1796,245,'2020-04-17 00:00:00',497),(1797,545,'2020-04-17 00:00:00',412),(1798,464,'2020-04-17 00:00:00',415),(1799,583,'2020-04-17 00:00:00',460),(1800,925,'2020-04-17 00:00:00',175),(1801,665,'2020-04-17 00:00:00',321),(1802,545,'2020-04-17 00:00:00',122),(1803,249,'2020-04-17 00:00:00',320),(1804,438,'2020-04-17 00:00:00',80),(1805,218,'2020-04-17 00:00:00',375),(1806,665,'2020-04-17 00:00:00',70),(1807,142,'2020-04-17 00:00:00',453),(1808,1,'2020-04-17 00:00:00',258),(1809,224,'2020-04-17 00:00:00',306),(1810,89,'2020-04-17 00:00:00',368),(1811,801,'2020-04-17 00:00:00',329),(1812,66,'2020-04-17 00:00:00',120),(1813,634,'2020-04-17 00:00:00',60),(1814,905,'2020-04-17 00:00:00',12),(1815,925,'2020-04-17 00:00:00',251),(1816,696,'2020-04-17 00:00:00',283),(1817,864,'2020-04-17 00:00:00',470),(1818,392,'2020-04-18 00:00:00',396),(1819,161,'2020-04-18 00:00:00',375),(1820,704,'2020-04-18 00:00:00',1),(1821,933,'2020-04-18 00:00:00',328),(1822,596,'2020-04-18 00:00:00',103),(1823,783,'2020-04-18 00:00:00',55),(1824,738,'2020-04-18 00:00:00',12),(1825,716,'2020-04-18 00:00:00',182),(1826,67,'2020-04-18 00:00:00',30),(1827,979,'2020-04-18 00:00:00',91),(1828,113,'2020-04-18 00:00:00',152),(1829,14,'2020-04-18 00:00:00',449),(1830,233,'2020-04-18 00:00:00',226),(1831,510,'2020-04-18 00:00:00',22),(1832,503,'2020-04-18 00:00:00',164),(1833,481,'2020-04-18 00:00:00',117),(1834,257,'2020-04-18 00:00:00',346),(1835,824,'2020-04-18 00:00:00',180),(1836,498,'2020-04-18 00:00:00',474),(1837,76,'2020-04-18 00:00:00',497),(1838,253,'2020-04-18 00:00:00',8),(1839,96,'2020-04-18 00:00:00',364),(1840,831,'2020-04-18 00:00:00',456),(1841,673,'2020-04-18 00:00:00',365),(1842,942,'2020-04-18 00:00:00',127),(1843,418,'2020-04-18 00:00:00',192),(1844,366,'2020-04-18 00:00:00',273),(1845,781,'2020-04-18 00:00:00',300),(1846,860,'2020-04-18 00:00:00',320),(1847,369,'2020-04-18 00:00:00',96),(1848,106,'2020-04-18 00:00:00',265),(1849,620,'2020-04-18 00:00:00',175),(1850,843,'2020-04-18 00:00:00',380),(1851,466,'2020-04-18 00:00:00',457),(1852,152,'2020-04-18 00:00:00',228),(1853,62,'2020-04-18 00:00:00',246),(1854,505,'2020-04-18 00:00:00',89),(1855,161,'2020-04-18 00:00:00',32),(1856,652,'2020-04-18 00:00:00',486),(1857,446,'2020-04-18 00:00:00',83),(1858,626,'2020-04-18 00:00:00',200),(1859,736,'2020-04-18 00:00:00',140),(1860,634,'2020-04-18 00:00:00',146),(1861,273,'2020-04-18 00:00:00',152),(1862,160,'2020-04-18 00:00:00',494),(1863,690,'2020-04-18 00:00:00',474),(1864,40,'2020-04-18 00:00:00',150),(1865,54,'2020-04-18 00:00:00',15),(1866,162,'2020-04-18 00:00:00',247),(1867,922,'2020-04-18 00:00:00',433),(1868,631,'2020-04-18 00:00:00',280),(1869,319,'2020-04-18 00:00:00',235),(1870,749,'2020-04-18 00:00:00',263),(1871,177,'2020-04-18 00:00:00',303),(1872,563,'2020-04-18 00:00:00',444),(1873,447,'2020-04-18 00:00:00',343),(1874,352,'2020-04-18 00:00:00',274),(1875,995,'2020-04-18 00:00:00',88),(1876,818,'2020-04-18 00:00:00',404),(1877,652,'2020-04-18 00:00:00',18),(1878,204,'2020-04-18 00:00:00',178),(1879,353,'2020-04-18 00:00:00',380),(1880,390,'2020-04-18 00:00:00',459),(1881,69,'2020-04-18 00:00:00',134),(1882,188,'2020-04-18 00:00:00',140),(1883,946,'2020-04-18 00:00:00',224),(1884,309,'2020-04-18 00:00:00',446),(1885,118,'2020-04-18 00:00:00',413),(1886,654,'2020-04-18 00:00:00',156),(1887,203,'2020-04-18 00:00:00',40),(1888,281,'2020-04-18 00:00:00',100),(1889,391,'2020-04-18 00:00:00',200),(1890,165,'2020-04-18 00:00:00',97),(1891,358,'2020-04-18 00:00:00',323),(1892,817,'2020-04-18 00:00:00',326),(1893,884,'2020-04-18 00:00:00',472),(1894,215,'2020-04-18 00:00:00',425),(1895,300,'2020-04-18 00:00:00',435),(1896,281,'2020-04-18 00:00:00',417),(1897,498,'2020-04-18 00:00:00',151),(1898,881,'2020-04-18 00:00:00',485),(1899,739,'2020-04-18 00:00:00',470),(1900,104,'2020-04-18 00:00:00',379),(1901,550,'2020-04-18 00:00:00',413),(1902,348,'2020-04-18 00:00:00',164),(1903,708,'2020-04-18 00:00:00',438),(1904,83,'2020-04-18 00:00:00',287),(1905,347,'2020-04-18 00:00:00',20),(1906,178,'2020-04-18 00:00:00',161),(1907,938,'2020-04-18 00:00:00',104),(1908,963,'2020-04-18 00:00:00',266),(1909,379,'2020-04-18 00:00:00',471),(1910,108,'2020-04-18 00:00:00',151),(1911,959,'2020-04-18 00:00:00',463),(1912,193,'2020-04-18 00:00:00',137),(1913,847,'2020-04-18 00:00:00',126),(1914,948,'2020-04-18 00:00:00',431),(1915,630,'2020-04-18 00:00:00',54),(1916,183,'2020-04-18 00:00:00',432),(1917,480,'2020-04-18 00:00:00',448),(1918,386,'2020-04-18 00:00:00',483),(1919,22,'2020-04-18 00:00:00',299),(1920,869,'2020-04-18 00:00:00',28),(1921,287,'2020-04-18 00:00:00',45),(1922,919,'2020-04-18 00:00:00',287),(1923,715,'2020-04-19 00:00:00',167),(1924,458,'2020-04-19 00:00:00',14),(1925,837,'2020-04-19 00:00:00',476),(1926,61,'2020-04-19 00:00:00',491),(1927,641,'2020-04-19 00:00:00',307),(1928,339,'2020-04-19 00:00:00',75),(1929,393,'2020-04-19 00:00:00',78),(1930,218,'2020-04-19 00:00:00',187),(1931,258,'2020-04-19 00:00:00',229),(1932,683,'2020-04-19 00:00:00',352),(1933,195,'2020-04-19 00:00:00',408),(1934,618,'2020-04-19 00:00:00',138),(1935,734,'2020-04-19 00:00:00',482),(1936,844,'2020-04-19 00:00:00',113),(1937,911,'2020-04-19 00:00:00',444),(1938,312,'2020-04-19 00:00:00',259),(1939,992,'2020-04-19 00:00:00',353),(1940,824,'2020-04-19 00:00:00',10),(1941,599,'2020-04-19 00:00:00',24),(1942,744,'2020-04-19 00:00:00',384),(1943,121,'2020-04-19 00:00:00',439),(1944,515,'2020-04-19 00:00:00',279),(1945,479,'2020-04-19 00:00:00',399),(1946,917,'2020-04-19 00:00:00',31),(1947,281,'2020-04-19 00:00:00',457),(1948,36,'2020-04-19 00:00:00',264),(1949,156,'2020-04-19 00:00:00',303),(1950,356,'2020-04-19 00:00:00',444),(1951,676,'2020-04-19 00:00:00',462),(1952,104,'2020-04-19 00:00:00',424),(1953,807,'2020-04-19 00:00:00',73),(1954,130,'2020-04-19 00:00:00',469),(1955,832,'2020-04-19 00:00:00',136),(1956,505,'2020-04-19 00:00:00',63),(1957,875,'2020-04-19 00:00:00',357),(1958,958,'2020-04-19 00:00:00',41),(1959,362,'2020-04-19 00:00:00',347),(1960,965,'2020-04-19 00:00:00',145),(1961,490,'2020-04-19 00:00:00',481),(1962,542,'2020-04-19 00:00:00',276),(1963,711,'2020-04-19 00:00:00',350),(1964,915,'2020-04-19 00:00:00',450),(1965,504,'2020-04-19 00:00:00',477),(1966,15,'2020-04-19 00:00:00',43),(1967,554,'2020-04-19 00:00:00',53),(1968,690,'2020-04-19 00:00:00',13),(1969,787,'2020-04-19 00:00:00',386),(1970,551,'2020-04-19 00:00:00',325),(1971,43,'2020-04-19 00:00:00',211),(1972,171,'2020-04-19 00:00:00',271),(1973,935,'2020-04-19 00:00:00',469),(1974,926,'2020-04-19 00:00:00',51),(1975,441,'2020-04-19 00:00:00',443),(1976,662,'2020-04-19 00:00:00',42),(1977,233,'2020-04-19 00:00:00',456),(1978,270,'2020-04-19 00:00:00',370),(1979,509,'2020-04-19 00:00:00',262),(1980,98,'2020-04-19 00:00:00',151),(1981,358,'2020-04-19 00:00:00',419),(1982,68,'2020-04-19 00:00:00',279),(1983,356,'2020-04-19 00:00:00',246),(1984,51,'2020-04-19 00:00:00',315),(1985,149,'2020-04-19 00:00:00',425),(1986,609,'2020-04-19 00:00:00',438),(1987,980,'2020-04-19 00:00:00',282),(1988,899,'2020-04-19 00:00:00',288),(1989,109,'2020-04-19 00:00:00',369),(1990,945,'2020-04-19 00:00:00',164),(1991,590,'2020-04-19 00:00:00',153),(1992,550,'2020-04-19 00:00:00',250),(1993,264,'2020-04-19 00:00:00',444),(1994,181,'2020-04-19 00:00:00',217),(1995,19,'2020-04-19 00:00:00',136),(1996,655,'2020-04-19 00:00:00',385),(1997,429,'2020-04-19 00:00:00',45),(1998,207,'2020-04-19 00:00:00',369),(1999,659,'2020-04-19 00:00:00',99),(2000,795,'2020-04-19 00:00:00',396);
/*!40000 ALTER TABLE `factura` ENABLE KEYS */;
UNLOCK TABLES;

--
-- Table structure for table `producto`
--

DROP TABLE IF EXISTS `producto`;
/*!40101 SET @saved_cs_client     = @@character_set_client */;
/*!50503 SET character_set_client = utf8mb4 */;
CREATE TABLE `producto` (
  `idProducto` mediumint NOT NULL AUTO_INCREMENT,
  `nombre` varchar(45) NOT NULL,
  `precioUnitario` decimal(10,2) unsigned NOT NULL,
  `idCategoria` mediumint unsigned NOT NULL,
  PRIMARY KEY (`idProducto`)
) ENGINE=InnoDB AUTO_INCREMENT=42 DEFAULT CHARSET=utf8mb4 COLLATE=utf8mb4_0900_ai_ci;
/*!40101 SET character_set_client = @saved_cs_client */;

--
-- Dumping data for table `producto`
--

LOCK TABLES `producto` WRITE;
/*!40000 ALTER TABLE `producto` DISABLE KEYS */;
INSERT INTO `producto` VALUES (1,'Manzana',8.77,8),(2,'Pera',2.14,8),(3,'Banana',4.87,8),(4,'Sandía',3.37,8),(5,'Tomate',5.88,8),(6,'Mazorca de maiz',5.25,8),(7,'Palta',6.51,8),(8,'Patata',5.17,8),(9,'Camote',3.22,8),(10,'Lechuga',3.32,8),(11,'Acelgas',7.35,8),(12,'Espinacas',7.14,8),(13,'Arroz',8.06,3),(14,'Frijoles',8.28,3),(15,'Garbanzos',6.61,3),(16,'Lentejas',6.31,3),(17,'Harina de trigo',8.34,6),(18,'Harina de maiz',8.54,6),(19,'Aceite de oliva',7.57,9),(20,'Aceite de girasol',4.32,9),(21,'Vinagre de vino',5.76,9),(22,'Vinagre de Manzana',7.50,9),(23,'Sal',4.66,4),(24,'Pimienta',5.54,4),(25,'Azafrán',9.96,4),(26,'Curry',3.71,4),(27,'Chocolate',2.58,5),(28,'Galletas',5.38,5),(29,'Bizcocho',5.18,5),(30,'Natillas',9.20,5),(31,'Arroz con leche',2.59,5),(32,'Agua',2.80,1),(33,'Cola',8.86,1),(34,'Limonada',3.79,1),(35,'Filite de ternera',6.88,2),(36,'Lomo de cerdo',4.35,2),(37,'Pollo',2.06,2),(38,'Pavo',2.43,2),(39,'Merluza',2.52,7),(40,'Atún',8.24,7),(41,'Caballa',6.89,7);
/*!40000 ALTER TABLE `producto` ENABLE KEYS */;
UNLOCK TABLES;


--
-- Table structure for table `detalle_factura`
--

DROP TABLE IF EXISTS `detalle_factura`;
/*!40101 SET @saved_cs_client     = @@character_set_client */;
/*!50503 SET character_set_client = utf8mb4 */;
CREATE TABLE `detalle_factura` (
  `idFactura` mediumint NOT NULL,
  `idProducto` mediumint NOT NULL,
  `cantidad` mediumint NOT NULL,
  `precioUnitario` decimal(10,2) NOT NULL,
  PRIMARY KEY (`idFactura`,`idProducto`),
  KEY `FK_REL_FAC_DET_idx` (`idFactura`),
  KEY `FK_REL_PRO_DET_idx` (`idProducto`),
  CONSTRAINT `FK_REL_FAC_DET` FOREIGN KEY (`idFactura`) REFERENCES `factura` (`idFactura`) ON DELETE RESTRICT ON UPDATE CASCADE,
  CONSTRAINT `FK_REL_PRO_DET` FOREIGN KEY (`idProducto`) REFERENCES `producto` (`idProducto`) ON DELETE RESTRICT ON UPDATE CASCADE
) ENGINE=InnoDB DEFAULT CHARSET=utf8mb4 COLLATE=utf8mb4_0900_ai_ci;
/*!40101 SET character_set_client = @saved_cs_client */;

--
-- Dumping data for table `detalle_factura`
--

LOCK TABLES `detalle_factura` WRITE;
/*!40000 ALTER TABLE `detalle_factura` DISABLE KEYS */;
INSERT INTO `detalle_factura` VALUES (1,3,5,4.87),(1,35,7,6.88),(2,9,8,3.22),(3,1,5,8.77),(3,37,1,2.06),(4,41,5,6.89),(5,28,4,5.38),(6,6,8,5.25),(6,40,5,8.24),(7,6,5,5.25),(7,23,1,4.66),(7,39,3,2.52),(8,23,7,4.66),(8,39,5,2.52),(9,21,2,5.76),(9,32,5,2.80),(10,7,8,6.51),(10,23,7,4.66),(11,7,7,6.51),(11,41,10,6.89),(12,25,8,9.96),(13,17,9,8.34),(13,24,7,5.54),(14,29,4,5.18),(15,2,10,2.14),(16,3,1,4.87),(16,24,7,5.54),(16,29,8,5.18),(17,10,9,3.32),(17,12,10,7.14),(17,29,1,5.18),(17,31,1,2.59),(17,32,6,2.80),(18,10,9,3.32),(18,40,5,8.24),(19,35,10,6.88),(19,41,9,6.89),(20,17,8,8.34),(20,24,10,5.54),(20,30,10,9.20),(20,35,7,6.88),(20,39,1,2.52),(21,10,7,3.32),(21,13,5,8.06),(22,19,9,7.57),(22,35,5,6.88),(23,14,2,8.28),(23,33,10,8.86),(23,41,10,6.89),(24,27,2,2.58),(25,24,10,5.54),(25,29,1,5.18),(26,26,9,3.71),(27,10,6,3.32),(28,24,8,5.54),(28,27,2,2.58),(28,35,6,6.88),(29,16,4,6.31),(29,23,8,4.66),(30,32,2,2.80),(30,39,1,2.52),(31,6,3,5.25),(31,24,6,5.54),(32,23,9,4.66),(33,14,10,8.28),(33,37,10,2.06),(34,14,10,8.28),(34,34,4,3.79),(35,27,4,2.58),(35,41,4,6.89),(36,10,2,3.32),(36,23,10,4.66),(37,7,2,6.51),(38,2,9,2.14),(38,26,4,3.71),(39,6,5,5.25),(39,9,8,3.22),(39,21,6,5.76),(39,39,5,2.52),(40,10,10,3.32),(40,18,1,8.54),(41,41,8,6.89),(42,4,6,3.37),(42,13,5,8.06),(42,24,9,5.54),(43,23,4,4.66),(43,26,10,3.71),(44,13,3,8.06),(44,18,9,8.54),(45,4,3,3.37),(45,20,6,4.32),(46,22,8,7.50),(46,23,4,4.66),(47,3,2,4.87),(47,34,9,3.79),(48,3,7,4.87),(48,9,5,3.22),(49,2,3,2.14),(49,29,8,5.18),(50,14,2,8.28),(50,21,5,5.76),(51,21,6,5.76),(52,21,9,5.76),(53,31,4,2.59),(53,32,3,2.80),(54,13,9,8.06),(54,16,7,6.31),(54,33,4,8.86),(55,9,2,3.22),(55,31,10,2.59),(56,8,6,5.17),(57,9,4,3.22),(57,28,5,5.38),(58,30,7,9.20),(58,31,10,2.59),(59,22,6,7.50),(59,30,1,9.20),(60,35,6,6.88),(61,30,10,9.20),(62,1,1,8.77),(62,28,10,5.38),(63,6,8,5.25),(64,40,6,8.24),(65,18,4,8.54),(66,3,2,4.87),(67,12,5,7.14),(68,27,7,2.58),(69,8,5,5.17),(70,39,7,2.52),(71,17,8,8.34),(72,4,4,3.37),(73,19,1,7.57),(73,20,9,4.32),(74,21,2,5.76),(75,39,10,2.52),(76,4,8,3.37),(77,18,9,8.54),(77,21,2,5.76),(78,10,7,3.32),(78,22,7,7.50),(79,19,5,7.57),(79,29,5,5.18),(79,37,9,2.06),(79,39,9,2.52),(80,31,3,2.59),(81,6,6,5.25),(81,19,1,7.57),(82,16,4,6.31),(82,39,2,2.52),(83,9,9,3.22),(83,26,5,3.71),(84,32,6,2.80),(85,3,6,4.87),(85,15,10,6.61),(86,6,2,5.25),(87,10,8,3.32),(88,4,10,3.37),(88,41,9,6.89),(89,28,4,5.38),(90,23,6,4.66),(91,27,8,2.58),(91,34,7,3.79),(92,13,5,8.06),(92,16,8,6.31),(93,7,6,6.51),(93,21,6,5.76),(93,33,10,8.86),(94,16,3,6.31),(94,34,1,3.79),(94,39,10,2.52),(95,10,4,3.32),(96,17,5,8.34),(96,22,8,7.50),(96,35,4,6.88),(97,8,10,5.17),(97,27,1,2.58),(98,2,1,2.14),(98,13,8,8.06),(98,18,3,8.54),(98,31,5,2.59),(99,30,2,9.20),(100,7,8,6.51),(100,39,7,2.52),(101,5,5,5.88),(102,4,10,3.37),(102,20,3,4.32),(102,35,10,6.88),(103,4,2,3.37),(103,32,6,2.80),(104,16,5,6.31),(104,20,6,4.32),(104,28,9,5.38),(105,12,4,7.14),(105,25,6,9.96),(106,15,2,6.61),(106,34,5,3.79),(107,7,7,6.51),(107,34,8,3.79),(108,11,4,7.35),(108,16,1,6.31),(108,18,1,8.54),(108,30,2,9.20),(108,40,3,8.24),(109,37,1,2.06),(109,38,7,2.43),(110,26,4,3.71),(110,35,2,6.88),(111,6,1,5.25),(112,27,7,2.58),(113,1,7,8.77),(113,5,8,5.88),(113,16,9,6.31),(113,20,4,4.32),(113,38,1,2.43),(114,30,9,9.20),(115,13,3,8.06),(115,21,10,5.76),(115,32,6,2.80),(115,34,4,3.79),(116,7,6,6.51),(116,29,10,5.18),(117,41,7,6.89),(118,1,1,8.77),(118,39,8,2.52),(119,3,3,4.87),(120,30,2,9.20),(121,11,1,7.35),(122,41,3,6.89),(123,28,4,5.38),(124,15,1,6.61),(125,28,8,5.38),(125,40,4,8.24),(126,9,7,3.22),(126,37,9,2.06),(127,15,8,6.61),(127,36,2,4.35),(128,13,8,8.06),(129,18,1,8.54),(129,38,7,2.43),(130,6,9,5.25),(131,2,7,2.14),(131,21,10,5.76),(132,37,5,2.06),(132,38,7,2.43),(133,15,6,6.61),(133,22,4,7.50),(133,23,1,4.66),(134,2,10,2.14),(134,27,3,2.58),(134,28,1,5.38),(134,32,6,2.80),(135,28,2,5.38),(136,28,8,5.38),(136,38,3,2.43),(137,1,10,8.77),(137,21,9,5.76),(138,2,10,2.14),(138,21,6,5.76),(139,2,3,2.14),(139,18,10,8.54),(139,31,5,2.59),(139,32,4,2.80),(140,15,9,6.61),(140,29,1,5.18),(141,15,6,6.61),(141,20,7,4.32),(142,6,4,5.25),(142,17,10,8.34),(143,3,9,4.87),(144,12,5,7.14),(144,19,8,7.57),(145,5,4,5.88),(145,34,2,3.79),(146,14,6,8.28),(146,22,5,7.50),(147,19,3,7.57),(147,33,6,8.86),(148,12,2,7.14),(148,19,8,7.57),(149,16,5,6.31),(149,34,4,3.79),(150,16,6,6.31),(150,30,4,9.20),(150,32,10,2.80),(150,36,7,4.35),(151,4,7,3.37),(152,16,9,6.31),(152,25,9,9.96),(152,34,7,3.79),(152,37,9,2.06),(153,38,4,2.43),(154,16,3,6.31),(154,20,7,4.32),(154,28,2,5.38),(154,32,2,2.80),(154,37,9,2.06),(155,24,7,5.54),(156,2,4,2.14),(156,3,10,4.87),(156,12,6,7.14),(156,28,4,5.38),(156,41,2,6.89),(157,7,1,6.51),(157,13,5,8.06),(157,38,10,2.43),(157,39,3,2.52),(158,8,9,5.17),(158,31,5,2.59),(158,39,8,2.52),(159,2,8,2.14),(159,14,8,8.28),(159,16,9,6.31),(159,19,3,7.57),(160,23,10,4.66),(160,29,3,5.18),(161,12,1,7.14),(161,22,10,7.50),(162,38,8,2.43),(163,35,2,6.88),(164,13,1,8.06),(165,9,6,3.22),(165,13,8,8.06),(165,14,4,8.28),(165,36,2,4.35),(166,2,6,2.14),(166,4,8,3.37),(167,1,3,8.77),(167,25,4,9.96),(168,21,3,5.76),(168,26,5,3.71),(169,12,8,7.14),(169,27,9,2.58),(169,37,9,2.06),(169,39,10,2.52),(170,28,10,5.38),(171,14,9,8.28),(171,29,7,5.18),(172,28,8,5.38),(173,4,10,3.37),(173,28,10,5.38),(174,10,5,3.32),(174,19,9,7.57),(175,7,2,6.51),(175,31,4,2.59),(176,28,3,5.38),(176,32,10,2.80),(177,15,3,6.61),(177,16,4,6.31),(178,28,5,5.38),(179,7,8,6.51),(179,16,9,6.31),(179,28,1,5.38),(180,5,7,5.88),(180,16,7,6.31),(181,6,8,5.25),(181,15,9,6.61),(182,11,5,7.35),(182,25,3,9.96),(182,36,1,4.35),(183,6,3,5.25),(183,24,2,5.54),(183,30,9,9.20),(184,7,9,6.51),(184,18,8,8.54),(185,18,8,8.54),(186,18,2,8.54),(186,30,8,9.20),(187,24,7,5.54),(187,28,5,5.38),(187,40,6,8.24),(188,5,5,5.88),(188,10,6,3.32),(188,12,3,7.14),(189,17,2,8.34),(190,16,9,6.31),(191,15,6,6.61),(191,29,5,5.18),(191,31,4,2.59),(192,10,10,3.32),(192,27,7,2.58),(193,16,5,6.31),(193,30,5,9.20),(194,12,2,7.14),(194,32,2,2.80),(194,33,3,8.86),(195,34,10,3.79),(195,40,4,8.24),(196,7,3,6.51),(197,27,3,2.58),(197,37,8,2.06),(198,14,7,8.28),(198,20,10,4.32),(199,27,8,2.58),(200,12,2,7.14),(200,25,6,9.96),(201,26,7,3.71),(202,12,9,7.14),(202,16,8,6.31),(202,35,8,6.88),(203,8,2,5.17),(204,16,4,6.31),(204,21,3,5.76),(204,23,6,4.66),(204,28,8,5.38),(204,34,4,3.79),(205,11,8,7.35),(206,16,10,6.31),(206,28,3,5.38),(206,37,6,2.06),(207,1,8,8.77),(207,2,2,2.14),(207,34,10,3.79),(208,3,3,4.87),(208,5,10,5.88),(208,37,6,2.06),(208,41,1,6.89),(209,16,4,6.31),(209,26,8,3.71),(210,28,8,5.38),(211,23,3,4.66),(211,28,1,5.38),(211,34,8,3.79),(211,38,8,2.43),(212,11,7,7.35),(213,22,9,7.50),(214,17,4,8.34),(215,7,6,6.51),(215,26,3,3.71),(216,2,1,2.14),(216,23,1,4.66),(217,10,1,3.32),(218,23,10,4.66),(219,9,9,3.22),(219,14,6,8.28),(220,8,5,5.17),(220,34,6,3.79),(221,24,5,5.54),(222,13,5,8.06),(222,15,4,6.61),(222,28,8,5.38),(222,39,5,2.52),(223,26,5,3.71),(224,22,4,7.50),(224,27,5,2.58),(224,41,7,6.89),(225,23,6,4.66),(225,28,6,5.38),(226,11,3,7.35),(226,16,10,6.31),(226,32,6,2.80),(226,41,8,6.89),(227,27,7,2.58),(227,31,2,2.59),(227,33,6,8.86),(227,39,10,2.52),(228,9,9,3.22),(228,23,9,4.66),(228,31,10,2.59),(228,41,2,6.89),(229,38,4,2.43),(230,17,5,8.34),(230,31,4,2.59),(230,34,1,3.79),(231,8,4,5.17),(231,28,6,5.38),(232,29,10,5.18),(232,31,5,2.59),(233,18,7,8.54),(233,38,1,2.43),(233,39,5,2.52),(234,26,4,3.71),(234,35,7,6.88),(235,9,7,3.22),(235,25,9,9.96),(236,25,7,9.96),(236,40,7,8.24),(237,26,3,3.71),(237,27,3,2.58),(237,40,3,8.24),(238,40,9,8.24),(239,5,1,5.88),(240,10,9,3.32),(240,14,6,8.28),(241,1,7,8.77),(241,15,2,6.61),(241,16,6,6.31),(242,10,9,3.32),(243,5,4,5.88),(243,15,1,6.61),(244,5,5,5.88),(244,17,9,8.34),(245,16,3,6.31),(245,25,8,9.96),(246,9,4,3.22),(247,18,6,8.54),(247,39,6,2.52),(248,10,7,3.32),(248,28,4,5.38),(249,3,3,4.87),(249,34,4,3.79),(250,4,8,3.37),(250,21,10,5.76),(250,39,7,2.52),(251,3,1,4.87),(252,24,7,5.54),(252,38,2,2.43),(253,1,1,8.77),(254,15,1,6.61),(255,17,10,8.34),(255,22,3,7.50),(256,1,5,8.77),(256,6,6,5.25),(257,18,3,8.54),(257,28,4,5.38),(257,39,9,2.52),(258,16,1,6.31),(258,20,2,4.32),(258,33,10,8.86),(259,33,4,8.86),(260,6,5,5.25),(260,30,6,9.20),(261,16,9,6.31),(261,23,2,4.66),(262,34,3,3.79),(263,7,8,6.51),(263,36,5,4.35),(264,21,10,5.76),(264,22,1,7.50),(265,2,2,2.14),(265,33,6,8.86),(266,17,2,8.34),(267,16,10,6.31),(268,9,1,3.22),(269,8,5,5.17),(269,41,10,6.89),(270,18,1,8.54),(270,28,6,2.06),(270,41,5,6.89),(271,26,2,3.71),(272,1,3,8.77),(272,36,5,4.35),(272,41,8,6.89),(273,2,9,2.14),(273,16,9,6.31),(273,19,2,7.57),(273,28,7,5.38),(273,33,5,8.86),(274,12,5,7.14),(274,27,8,2.58),(275,22,5,7.50),(275,28,2,5.38),(276,16,1,6.31),(276,30,4,9.20),(277,4,8,3.37),(277,29,10,5.18),(277,31,1,2.59),(278,1,7,8.77),(278,14,3,8.28),(278,33,2,8.86),(278,35,9,6.88),(279,11,7,7.35),(279,28,5,5.38),(280,6,8,5.25),(280,14,2,8.28),(280,25,4,9.96),(280,28,1,5.38),(281,13,9,8.06),(281,19,6,7.57),(281,30,9,9.20),(281,32,10,2.80),(282,1,1,8.77),(282,28,1,5.38),(282,36,2,4.35),(283,9,7,3.22),(283,13,4,8.06),(283,17,1,8.34),(283,28,6,5.38),(284,16,9,6.31),(284,19,1,7.57),(284,30,7,9.20),(285,20,5,4.32),(286,11,8,7.35),(286,15,3,6.61),(287,14,3,8.28),(287,28,7,5.38),(287,32,8,2.80),(288,34,6,3.79),(288,35,2,6.88),(288,41,10,6.89),(289,23,8,4.66),(289,41,7,6.89),(290,23,9,4.66),(290,34,4,3.79),(290,39,8,2.52),(291,2,3,2.14),(291,9,2,3.22),(291,16,6,6.31),(291,36,9,4.35),(292,21,3,5.76),(292,41,4,6.89),(293,31,8,2.59),(293,34,9,3.79),(293,35,2,6.88),(294,9,2,3.22),(294,30,4,9.20),(294,34,6,3.79),(295,6,3,5.25),(295,28,9,6.31),(296,25,1,9.96),(296,32,4,3.79),(297,8,4,5.17),(297,26,8,3.71),(298,2,4,2.14),(298,19,8,7.57),(299,11,7,7.35),(299,16,10,6.31),(299,32,4,5.18),(300,10,6,3.32),(300,33,1,8.86),(301,10,10,3.32),(301,24,5,5.54),(302,39,9,2.52),(303,11,1,7.35),(303,27,7,2.58),(304,6,2,5.25),(304,20,1,4.32),(305,31,7,2.59),(306,13,4,8.06),(306,23,7,4.66),(307,18,8,8.54),(308,6,2,5.25),(308,16,6,6.31),(308,22,3,7.50),(308,36,7,4.35),(308,37,9,2.06),(309,24,3,5.54),(310,1,8,8.77),(311,37,2,2.06),(312,25,6,9.96),(312,29,5,5.18),(313,15,3,6.61),(313,39,9,2.52),(314,9,10,3.22),(315,5,4,5.88),(315,19,8,7.57),(315,25,6,9.96),(315,37,1,2.06),(316,28,10,5.38),(316,38,10,2.43),(317,27,1,2.58),(317,40,5,8.24),(318,26,1,3.71),(318,40,4,8.24),(319,27,2,2.58),(319,35,2,6.88),(320,34,8,3.79),(321,2,4,2.14),(321,22,6,7.50),(321,28,10,5.38),(321,41,7,6.89),(322,21,3,5.76),(322,36,3,4.35),(323,7,8,6.51),(323,36,3,4.35),(323,41,3,6.89),(324,28,1,5.38),(325,10,7,3.32),(325,20,5,4.32),(326,18,9,8.54),(327,7,4,6.51),(327,24,9,5.54),(327,26,3,3.71),(327,32,7,2.80),(327,34,5,3.79),(328,18,10,8.54),(328,28,8,5.38),(328,39,2,2.52),(329,4,7,3.37),(330,2,7,2.14),(330,40,1,8.24),(331,20,9,4.32),(332,15,3,6.61),(332,25,7,9.96),(333,29,8,5.18),(334,4,9,3.37),(334,26,7,3.71),(335,28,7,5.38),(336,25,10,9.96),(337,18,4,8.54),(337,26,3,3.71),(337,35,7,6.88),(337,38,10,2.43),(338,2,10,2.14),(338,39,4,2.52),(339,17,5,8.34),(339,26,7,3.71),(339,28,7,5.38),(340,26,5,3.71),(340,37,6,2.06),(341,26,4,3.71),(341,28,10,5.38),(342,20,8,4.32),(342,28,7,5.38),(343,18,7,8.54),(343,39,7,2.52),(344,11,5,7.35),(344,22,3,7.50),(345,9,1,3.22),(345,27,3,2.58),(346,11,8,7.35),(347,2,8,2.14),(347,8,5,5.17),(348,31,3,2.59),(348,38,6,2.43),(349,18,9,8.54),(349,35,8,6.88),(350,23,7,4.66),(350,31,9,2.59),(351,2,5,2.14),(351,13,2,8.06),(352,3,8,4.87),(352,9,10,3.22),(353,24,7,5.54),(353,32,6,8.06),(354,22,1,7.50),(354,28,1,5.38),(354,32,2,8.34),(355,10,9,3.32),(356,2,10,2.14),(356,24,2,5.54),(356,37,8,2.06),(356,39,9,2.52),(357,15,3,6.61),(357,29,1,5.18),(358,29,9,5.18),(359,32,3,2.80),(359,38,10,2.43),(360,17,2,8.34),(361,28,9,5.38),(362,12,9,7.14),(362,16,2,6.31),(362,37,1,2.06),(363,8,10,5.17),(363,35,2,6.88),(364,5,8,5.88),(364,12,2,7.14),(364,16,2,6.31),(364,39,7,2.52),(365,34,1,3.79),(366,38,7,2.43),(367,7,6,6.51),(367,41,8,6.89),(368,8,4,5.17),(368,28,7,5.38),(369,1,7,8.77),(369,22,4,7.50),(370,21,4,5.76),(370,29,4,5.18),(370,34,4,3.79),(371,23,7,4.66),(371,38,9,2.43),(372,29,3,5.18),(372,34,8,3.79),(373,18,10,8.54),(373,33,9,8.86),(374,22,10,7.50),(374,28,1,5.38),(375,5,7,5.88),(375,39,5,2.52),(376,2,10,2.14),(376,5,5,5.88),(376,19,6,7.57),(376,33,2,8.86),(377,16,9,6.31),(378,12,3,7.14),(378,20,2,4.32),(379,15,2,6.61),(379,25,1,9.96),(379,26,2,3.71),(379,38,5,2.43),(380,7,1,6.51),(380,16,4,6.31),(380,19,1,7.57),(381,29,4,5.18),(381,30,10,9.20),(382,39,1,2.52),(382,41,5,6.89),(383,17,7,8.34),(383,35,2,6.88),(384,19,6,7.57),(385,6,6,5.25),(385,8,9,5.17),(386,22,2,7.50),(386,27,4,2.58),(387,32,2,2.80),(387,36,4,4.35),(388,23,3,4.66),(389,28,4,5.38),(389,31,7,2.59),(390,10,1,3.32),(390,22,10,7.50),(390,37,3,2.06),(391,27,3,2.58),(392,12,1,7.14),(392,20,7,4.32),(393,10,2,3.32),(394,3,1,4.87),(394,5,2,5.88),(394,18,8,8.54),(394,39,8,2.52),(395,7,10,6.51),(395,10,3,3.32),(395,15,2,6.61),(395,16,6,6.31),(395,38,5,2.43),(396,13,7,8.06),(396,18,10,8.54),(396,25,5,9.96),(397,38,1,2.43),(398,12,4,7.14),(398,21,7,5.76),(399,9,3,3.22),(399,15,4,6.61),(399,16,8,6.31),(399,29,5,5.18),(400,7,8,6.51),(400,12,6,7.14),(400,27,7,2.58),(401,10,9,3.32),(401,41,2,6.89),(402,1,7,8.77),(402,15,10,6.61),(402,38,5,2.43),(402,39,3,2.52),(402,40,5,8.24),(403,4,5,3.37),(403,28,9,5.38),(404,36,4,4.35),(404,38,6,2.43),(405,26,2,3.71),(405,28,2,5.38),(406,9,10,3.22),(406,32,7,2.80),(407,11,9,7.35),(407,23,8,4.66),(408,6,1,5.25),(408,15,2,6.61),(408,20,4,4.32),(409,4,7,3.37),(409,13,8,8.06),(409,27,6,2.58),(410,8,1,5.17),(410,32,1,2.80),(411,26,6,3.71),(412,34,3,3.79),(412,39,3,2.52),(413,6,6,5.25),(413,29,2,5.18),(414,5,4,5.88),(414,37,4,2.06),(415,1,1,8.77),(415,3,9,4.87),(415,7,2,6.51),(415,9,6,3.22),(415,27,3,2.58),(415,29,5,5.18),(415,36,7,4.35),(415,39,3,2.52),(416,1,7,8.77),(416,16,5,6.31),(417,35,10,6.88),(418,1,10,8.77),(418,13,5,8.06),(419,2,1,2.14),(419,16,8,6.31),(420,22,8,7.50),(420,36,4,4.35),(421,13,4,8.06),(422,31,4,2.59),(422,41,7,6.89),(423,8,7,5.17),(423,41,4,6.89),(424,3,7,4.87),(424,15,3,6.61),(425,4,9,3.37),(425,10,8,3.32),(425,11,4,7.35),(426,37,5,2.06),(427,2,5,2.14),(427,39,10,2.52),(428,3,7,4.87),(428,17,2,8.34),(428,30,7,9.20),(428,31,8,2.59),(428,36,3,4.35),(429,7,7,6.51),(429,28,7,5.38),(430,6,4,5.25),(430,34,8,3.79),(430,38,10,2.43),(431,28,8,5.38),(431,35,5,6.88),(432,7,2,6.51),(432,21,7,5.76),(433,20,2,4.32),(433,24,2,5.54),(433,36,5,4.35),(434,25,4,9.96),(434,31,5,2.59),(435,28,3,5.38),(436,20,8,4.32),(437,17,6,8.34),(438,15,7,6.61),(438,33,5,8.86),(439,10,10,3.32),(439,28,7,5.38),(439,31,7,2.59),(439,34,4,3.79),(440,17,5,8.34),(440,21,2,5.76),(441,11,6,7.35),(441,39,1,2.52),(442,17,3,8.34),(442,36,6,4.35),(443,1,10,8.77),(443,31,7,2.59),(444,18,9,8.54),(444,30,9,9.20),(445,6,3,5.25),(445,18,2,8.54),(446,23,2,4.66),(446,36,3,4.35),(447,9,7,3.22),(447,31,2,2.59),(448,26,5,3.71),(448,29,4,5.18),(449,8,4,5.17),(449,9,8,3.22),(450,10,10,3.32),(450,31,7,2.59),(451,6,1,5.25),(451,34,4,3.79),(452,3,10,4.87),(452,23,7,4.66),(453,1,2,8.77),(453,25,2,9.96),(454,2,2,2.14),(454,28,7,5.38),(455,7,6,6.51),(455,27,8,2.58),(456,16,1,6.31),(456,22,8,7.50),(457,7,7,6.51),(457,22,3,7.50),(458,14,8,8.28),(458,15,6,6.61),(459,12,6,7.14),(459,28,2,5.38),(460,3,5,4.87),(460,9,9,3.22),(461,13,5,8.06),(461,16,4,6.31),(462,12,2,7.14),(463,28,4,5.38),(463,29,9,5.18),(464,23,3,4.66),(464,39,6,2.52),(465,27,7,2.58),(465,34,4,3.79),(466,18,9,8.54),(466,31,1,2.59),(467,24,5,5.54),(468,18,6,8.54),(468,24,8,5.54),(469,1,9,8.77),(469,6,3,5.25),(470,4,8,3.37),(471,15,8,6.61),(471,30,4,9.20),(472,9,6,3.22),(472,27,7,2.58),(473,7,8,6.51),(473,20,7,4.32),(474,6,10,5.25),(474,28,4,5.38),(475,21,3,5.76),(475,23,8,4.66),(476,17,2,8.34),(476,32,10,2.80),(477,16,2,6.31),(477,34,2,3.79),(478,33,6,8.86),(478,41,2,6.89),(479,25,2,9.96),(479,26,4,3.71),(480,1,10,8.77),(480,39,6,2.52),(481,13,6,8.06),(481,17,8,8.34),(482,4,7,3.37),(482,12,3,7.14),(483,9,4,3.22),(483,39,8,2.52),(484,3,4,4.87),(484,32,8,2.80),(485,16,6,6.31),(485,34,1,3.79),(486,15,1,6.61),(486,35,10,6.88),(487,10,10,3.32),(487,14,7,8.28),(488,15,4,6.61),(488,17,6,8.34),(489,15,2,6.61),(490,9,5,3.22),(490,12,7,7.14),(491,38,4,2.43),(491,39,8,2.52),(492,20,10,4.32),(492,36,10,4.35),(493,2,6,2.14),(493,38,2,2.43),(494,27,1,2.58),(494,36,3,4.35),(495,4,4,3.37),(495,14,6,8.28),(496,14,1,8.28),(496,33,6,8.86),(497,32,8,2.80),(497,35,1,6.88),(498,2,2,2.14),(498,9,8,3.22),(499,23,4,4.66),(499,27,6,2.58),(500,33,9,8.86),(501,8,5,5.17),(501,25,6,9.96),(502,21,4,5.76),(503,32,10,2.80),(504,28,8,5.38),(505,16,8,6.31),(505,21,2,5.76),(505,32,2,2.80),(505,37,10,2.06),(506,41,2,6.89),(507,28,3,5.38),(507,36,7,4.35),(508,16,6,6.31),(509,36,10,4.35),(510,4,4,3.37),(510,29,2,5.18),(511,16,8,6.31),(512,28,6,5.38),(513,12,7,7.14),(513,17,7,8.34),(513,18,8,8.54),(513,26,10,3.71),(514,5,8,5.88),(515,10,4,3.32),(515,31,6,2.59),(515,34,6,3.79),(516,21,1,5.76),(516,29,6,5.18),(517,32,7,2.80),(517,34,7,3.79),(518,12,10,7.14),(518,21,7,5.76),(518,25,5,9.96),(518,37,10,2.06),(519,15,3,6.61),(520,5,9,5.88),(520,9,2,3.22),(520,39,9,2.52),(521,15,4,6.61),(521,17,1,8.34),(522,15,3,6.61),(522,22,7,7.50),(523,40,7,8.24),(524,39,8,2.52),(524,41,8,6.89),(525,25,6,9.96),(525,26,1,3.71),(526,3,3,4.87),(526,21,6,5.76),(527,5,5,5.88),(527,16,5,6.31),(527,21,9,5.76),(528,16,3,6.31),(528,21,8,5.76),(529,23,1,4.66),(529,28,4,5.38),(529,40,9,8.24),(530,30,10,9.20),(531,37,4,2.06),(531,41,5,6.89),(532,32,9,2.80),(533,28,1,5.38),(534,2,8,2.14),(534,11,2,7.35),(534,19,7,7.57),(534,27,6,2.58),(534,35,3,6.88),(535,18,5,8.54),(536,3,5,4.87),(537,2,2,2.14),(537,32,8,2.80),(538,17,9,8.34),(538,20,6,4.32),(538,21,4,5.76),(539,12,5,7.14),(539,13,9,8.06),(539,26,9,3.71),(539,29,7,5.18),(539,39,6,2.52),(540,33,2,8.86),(541,4,8,3.37),(541,25,1,9.96),(541,27,9,2.58),(542,2,1,2.14),(542,37,4,2.06),(543,22,8,7.50),(543,33,8,8.86),(544,18,7,8.54),(544,38,5,2.43),(545,12,6,7.14),(545,20,1,4.32),(546,38,3,2.43),(547,14,6,8.28),(547,25,10,9.96),(548,20,8,4.32),(548,40,9,8.24),(549,7,6,6.51),(549,9,4,3.22),(550,14,10,8.28),(550,23,7,4.66),(550,28,2,5.38),(551,15,10,6.61),(551,33,3,8.86),(551,34,9,3.79),(552,5,5,5.88),(553,13,6,8.06),(553,35,1,6.88),(554,9,9,3.22),(555,7,3,6.51),(555,20,6,4.32),(556,27,7,2.58),(557,6,4,5.25),(557,28,9,5.38),(558,3,9,4.87),(558,25,5,9.96),(558,40,2,8.24),(559,13,6,8.06),(559,33,3,8.86),(560,24,6,5.54),(560,25,7,9.96),(561,3,3,4.87),(562,27,8,2.58),(562,38,2,2.43),(563,24,7,5.54),(564,19,8,7.57),(564,34,8,3.79),(565,17,1,8.34),(565,26,6,3.71),(566,11,10,7.35),(566,17,3,8.34),(567,28,9,5.38),(567,41,2,6.89),(568,8,9,5.17),(569,11,2,7.35),(569,16,7,6.31),(569,35,9,6.88),(570,36,7,4.35),(571,12,2,7.14),(571,22,6,7.50),(571,39,10,2.52),(572,17,8,8.34),(572,33,7,8.86),(573,37,8,2.06),(574,21,8,5.76),(574,30,4,9.20),(574,34,9,3.79),(575,33,3,8.86),(576,30,1,9.20),(577,1,10,8.77),(577,12,7,7.14),(578,16,7,6.31),(578,40,1,8.24),(579,8,1,5.17),(579,37,10,2.06),(580,19,7,7.57),(581,16,4,6.31),(581,26,6,3.71),(581,33,3,8.86),(581,34,3,3.79),(582,14,8,8.28),(583,5,6,5.88),(583,25,6,9.96),(583,39,9,2.52),(584,5,6,5.88),(584,32,3,2.80),(584,39,2,2.52),(584,41,7,6.89),(585,27,8,2.58),(585,35,10,6.88),(586,9,2,3.22),(586,16,5,6.31),(586,28,6,5.38),(586,37,5,2.06),(587,16,6,6.31),(587,36,7,4.35),(588,22,4,7.50),(588,28,6,5.38),(589,12,10,7.14),(589,34,6,3.79),(590,38,4,2.43),(591,32,3,2.80),(592,17,4,8.34),(592,31,8,2.59),(593,13,1,8.06),(593,32,6,2.80),(594,26,4,3.71),(595,15,5,6.61),(596,8,1,5.17),(597,7,3,6.51),(597,12,1,7.14),(597,27,8,2.58),(598,16,8,6.31),(598,28,5,5.38),(598,41,3,6.89),(599,33,7,8.86),(599,40,7,8.24),(600,15,5,6.61),(600,23,3,4.66),(601,19,8,7.57),(601,24,8,5.54),(602,11,7,7.35),(603,18,4,8.54),(603,26,5,3.71),(604,26,7,3.71),(605,8,6,5.17),(605,18,8,8.54),(606,6,7,5.25),(606,11,6,7.35),(607,17,8,8.34),(607,32,9,2.80),(608,26,3,3.71),(609,7,5,6.51),(610,28,9,5.38),(611,27,7,2.58),(611,34,8,3.79),(612,4,2,3.37),(612,34,1,3.79),(613,10,1,3.32),(614,2,2,2.14),(614,33,7,8.86),(615,10,4,3.32),(615,28,9,5.38),(616,10,3,3.32),(616,19,8,7.57),(616,28,2,5.38),(616,39,6,2.52),(616,40,4,8.24),(617,24,6,5.54),(617,32,1,2.80),(618,7,8,6.51),(619,25,5,9.96),(620,29,7,5.18),(620,35,6,6.88),(621,11,7,7.35),(621,17,5,8.34),(621,18,9,8.54),(621,23,3,4.66),(622,6,4,5.25),(622,18,8,8.54),(623,19,6,7.57),(624,1,4,8.77),(624,26,4,3.71),(625,8,4,5.17),(625,39,1,2.52),(626,15,9,6.61),(626,34,8,3.79),(627,3,7,4.87),(627,19,5,7.57),(627,37,10,2.06),(628,37,2,2.06),(629,16,3,6.31),(629,24,6,5.54),(629,36,3,4.35),(629,39,1,2.52),(630,28,3,5.38),(631,16,7,6.31),(631,21,5,5.76),(631,30,7,9.20),(631,39,3,2.52),(632,20,8,4.32),(632,24,1,5.54),(633,2,8,2.14),(633,10,9,3.32),(634,9,2,3.22),(634,15,6,6.61),(634,21,7,5.76),(634,28,9,5.38),(634,40,8,8.24),(635,4,4,3.37),(635,23,6,4.66),(636,24,7,5.54),(637,13,2,8.06),(637,32,3,2.80),(638,5,8,5.88),(638,19,1,7.57),(638,25,2,9.96),(638,27,9,2.58),(638,34,7,3.79),(639,12,3,7.14),(639,16,1,6.31),(640,22,9,7.50),(640,39,10,2.52),(641,20,4,4.32),(641,34,7,3.79),(642,20,5,4.32),(642,27,3,2.58),(642,28,1,5.38),(643,11,4,7.35),(643,30,2,9.20),(644,18,5,8.54),(644,41,10,6.89),(645,26,1,3.71),(645,27,5,2.58),(646,2,2,2.14),(647,1,9,8.77),(647,31,8,2.59),(648,25,1,9.96),(648,39,9,2.52),(649,25,5,9.96),(649,36,7,4.35),(650,16,7,6.31),(651,15,1,6.61),(651,34,7,3.79),(652,24,10,5.54),(652,38,9,2.43),(653,17,4,8.34),(654,7,8,6.51),(654,19,3,7.57),(654,32,3,2.80),(655,24,1,5.54),(655,38,7,2.43),(656,10,8,3.32),(656,12,1,7.14),(656,39,5,2.52),(657,18,7,8.54),(657,26,6,3.71),(657,28,2,5.38),(658,13,7,8.06),(658,20,5,4.32),(659,28,9,5.38),(659,34,1,3.79),(660,1,6,8.77),(660,3,8,4.87),(660,20,2,4.32),(660,24,3,5.54),(660,37,5,2.06),(661,3,6,4.87),(661,25,4,9.96),(662,4,9,3.37),(662,38,6,2.43),(663,7,2,6.51),(664,7,6,6.51),(665,25,6,9.96),(665,41,5,6.89),(666,11,7,7.35),(666,26,7,3.71),(666,37,5,2.06),(667,16,10,6.31),(667,30,4,9.20),(668,17,4,8.34),(668,36,9,4.35),(669,20,9,4.32),(669,27,6,2.58),(670,11,5,7.35),(670,29,2,5.18),(671,18,2,8.54),(672,2,7,2.14),(672,28,3,5.38),(673,39,10,2.52),(674,32,10,2.80),(674,40,2,8.24),(675,14,4,8.28),(675,25,4,9.96),(676,17,1,8.34),(676,23,6,4.66),(677,27,3,2.58),(678,25,10,9.96),(679,8,1,5.17),(679,11,2,7.35),(679,16,4,6.31),(680,5,5,5.88),(680,27,10,2.58),(680,35,4,6.88),(681,25,9,9.96),(681,27,3,2.58),(681,37,2,2.06),(682,29,10,5.18),(682,33,8,8.86),(683,1,7,8.77),(684,5,5,5.88),(684,10,10,3.32),(684,35,10,6.88),(685,6,10,5.25),(685,12,8,7.14),(686,3,3,4.87),(686,15,3,6.61),(686,18,7,8.54),(686,26,6,3.71),(686,35,9,6.88),(687,6,1,5.25),(687,17,5,8.34),(688,8,6,5.17),(688,13,3,8.06),(688,40,2,8.24),(689,15,2,6.61),(689,17,5,8.34),(689,19,10,7.57),(689,23,3,4.66),(689,26,6,3.71),(690,5,1,5.88),(690,7,6,6.51),(691,2,1,2.14),(691,40,3,8.24),(692,5,5,5.88),(692,40,2,8.24),(693,32,5,2.80),(693,37,6,2.06),(694,38,10,2.43),(695,6,3,5.25),(696,1,6,8.77),(696,14,6,8.28),(697,28,8,5.38),(698,27,5,2.58),(699,19,6,7.57),(700,20,9,4.32),(701,25,2,9.96),(701,28,4,5.38),(702,18,5,8.54),(703,6,9,5.25),(703,19,3,7.57),(704,8,5,5.17),(704,34,6,3.79),(705,15,4,6.61),(705,20,8,4.32),(706,6,5,5.25),(707,28,5,5.38),(708,5,9,5.88),(708,17,9,8.34),(709,15,10,6.61),(709,32,1,2.80),(709,41,10,6.89),(710,8,8,5.17),(710,28,3,5.38),(711,25,6,9.96),(711,34,5,3.79),(712,5,3,5.88),(712,7,6,6.51),(712,8,9,5.17),(712,32,9,2.80),(712,39,2,2.52),(713,9,1,3.22),(713,23,4,4.66),(713,27,4,2.58),(713,28,10,5.38),(713,36,3,4.35),(714,5,10,5.88),(714,24,10,5.54),(714,30,9,9.20),(714,39,3,2.52),(715,6,3,5.25),(715,16,4,6.31),(715,35,3,6.88),(715,39,5,2.52),(716,14,6,8.28),(717,14,10,8.28),(718,12,9,7.14),(718,20,9,4.32),(719,12,5,7.14),(720,24,10,5.54),(720,25,4,9.96),(721,20,8,4.32),(722,4,2,3.37),(722,24,4,5.54),(722,30,6,9.20),(723,20,4,4.32),(723,21,5,5.76),(723,34,6,3.79),(723,39,7,2.52),(724,14,7,8.28),(724,21,9,5.76),(725,34,2,3.79),(725,41,5,6.89),(726,20,1,4.32),(726,39,3,2.52),(727,8,2,5.17),(727,39,10,2.52),(728,9,9,3.22),(728,25,2,9.96),(728,30,2,9.20),(729,18,8,8.54),(730,12,4,7.14),(730,38,2,2.43),(731,32,6,2.80),(732,12,9,7.14),(732,19,1,7.57),(732,34,1,3.79),(733,3,8,4.87),(733,7,10,6.51),(733,9,7,3.22),(733,10,5,3.32),(733,25,7,9.96),(734,1,8,8.77),(734,28,2,5.38),(734,30,6,9.20),(735,18,3,8.54),(735,19,9,7.57),(736,4,4,3.37),(736,12,8,7.14),(737,15,7,6.61),(738,40,10,8.24),(739,8,2,5.17),(739,20,6,4.32),(739,39,3,2.52),(740,39,3,2.52),(741,8,1,5.17),(742,10,10,3.32),(743,3,1,4.87),(743,31,4,2.59),(744,21,2,5.76),(744,34,9,3.79),(745,22,10,7.50),(745,31,1,2.59),(746,6,4,5.25),(746,9,10,3.22),(746,17,10,8.34),(746,19,1,7.57),(746,21,7,5.76),(747,31,4,2.59),(747,37,3,2.06),(748,25,8,9.96),(748,41,10,6.89),(749,1,8,8.77),(749,30,7,9.20),(750,5,2,5.88),(750,33,5,8.86),(751,16,8,6.31),(751,28,5,5.38),(752,12,10,7.14),(753,15,9,6.61),(754,19,2,7.57),(754,39,10,2.52),(755,8,7,5.17),(755,15,9,6.61),(755,26,2,3.71),(756,6,6,5.25),(756,16,6,6.31),(757,4,8,3.37),(757,9,8,3.22),(758,20,4,4.32),(758,34,6,3.79),(759,28,4,5.38),(760,15,2,6.61),(760,32,9,2.80),(761,14,7,8.28),(761,35,2,6.88),(762,1,10,8.77),(762,10,8,3.32),(762,29,5,5.18),(762,31,6,2.59),(763,34,2,3.79),(764,22,8,7.50),(765,15,2,6.61),(765,25,1,9.96),(765,34,4,3.79),(766,29,9,5.18),(766,34,1,3.79),(767,16,6,6.31),(767,32,5,2.80),(767,34,10,3.79),(768,28,2,5.38),(768,34,7,3.79),(769,8,9,5.17),(769,22,6,7.50),(770,31,9,2.59),(771,3,2,4.87),(772,37,8,2.06),(773,15,3,6.61),(773,35,8,6.88),(774,2,4,2.14),(774,9,8,3.22),(775,2,3,2.14),(775,31,9,2.59),(776,26,6,3.71),(776,34,10,3.79),(777,16,5,6.31),(778,16,3,6.31),(779,34,9,3.79),(780,15,4,6.61),(781,3,2,4.87),(781,22,9,7.50),(782,17,3,8.34),(782,24,9,5.54),(782,41,7,6.89),(783,4,6,3.37),(783,38,2,2.43),(784,2,2,2.14),(784,34,9,3.79),(785,8,7,5.17),(785,10,10,3.32),(785,23,1,4.66),(785,29,2,5.18),(785,33,7,8.86),(786,23,8,4.66),(786,41,7,6.89),(787,2,3,2.14),(787,5,7,5.88),(787,21,6,5.76),(787,32,3,2.80),(788,1,2,8.77),(789,2,1,2.14),(789,38,10,2.43),(790,41,4,6.89),(791,19,1,7.57),(791,29,8,5.18),(792,31,4,2.59),(793,28,4,5.38),(794,1,5,8.77),(794,12,10,7.14),(794,15,10,6.61),(795,12,7,7.14),(795,16,2,6.31),(795,33,8,8.86),(796,28,8,5.38),(797,15,10,6.61),(797,27,5,2.58),(797,39,10,2.52),(798,15,7,6.61),(798,17,5,8.34),(799,22,5,7.50),(800,3,4,4.87),(800,30,5,9.20),(801,22,3,7.50),(801,29,3,5.18),(802,8,3,5.17),(802,30,10,9.20),(803,3,9,4.87),(803,15,1,6.61),(803,32,5,2.80),(804,39,6,2.52),(805,9,7,3.22),(805,35,6,6.88),(806,28,2,5.38),(807,7,7,6.51),(807,41,9,6.89),(808,20,8,4.32),(809,9,3,3.22),(809,16,3,6.31),(810,14,9,8.28),(811,30,8,9.20),(811,38,4,2.43),(812,13,9,8.06),(813,1,2,8.77),(813,7,9,6.51),(814,6,4,5.25),(814,26,9,3.71),(815,6,10,5.25),(815,13,9,8.06),(815,27,6,2.58),(815,34,2,3.79),(815,37,10,2.06),(816,28,7,5.38),(817,21,5,5.76),(817,25,5,9.96),(817,27,9,2.58),(817,33,6,8.86),(818,3,1,4.87),(818,33,3,8.86),(819,8,2,5.17),(819,15,6,6.61),(819,16,9,6.31),(819,24,4,5.54),(820,15,9,6.61),(821,25,8,9.96),(821,27,7,2.58),(821,34,8,3.79),(822,3,3,4.87),(822,22,7,7.50),(823,16,2,6.31),(824,19,7,7.57),(825,16,6,6.31),(826,11,3,7.35),(826,16,7,6.31),(826,28,9,5.38),(826,35,7,6.88),(826,40,1,8.24),(827,31,7,2.59),(828,32,7,2.80),(828,39,7,2.52),(829,13,1,8.06),(829,29,1,5.18),(830,3,6,4.87),(831,34,1,3.79),(832,2,8,2.14),(832,8,7,5.17),(833,12,7,7.14),(834,2,1,2.14),(834,16,9,6.31),(835,9,4,3.22),(835,18,1,8.54),(835,39,6,2.52),(836,5,3,5.88),(837,24,8,5.54),(837,41,4,6.89),(838,10,2,3.32),(838,32,5,2.80),(839,1,10,8.77),(839,4,9,3.37),(839,6,6,5.25),(839,15,1,6.61),(839,31,9,2.59),(839,41,2,6.89),(840,15,9,6.61),(840,24,2,5.54),(840,38,7,2.43),(840,41,10,6.89),(841,28,10,5.38),(842,34,1,3.79),(843,36,9,4.35),(844,35,2,6.88),(844,38,3,2.43),(845,21,5,5.76),(845,35,3,6.88),(846,10,6,3.32),(847,8,4,5.17),(847,28,10,5.38),(848,17,9,8.34),(848,37,5,2.06),(849,31,6,2.59),(849,41,7,6.89),(850,33,1,8.86),(850,36,3,4.35),(850,40,5,8.24),(851,17,5,8.34),(851,20,5,4.32),(852,25,8,9.96),(853,1,10,8.77),(853,18,9,8.54),(854,28,1,5.38),(854,35,7,6.88),(855,14,2,8.28),(855,15,6,6.61),(856,4,9,3.37),(856,21,6,5.76),(856,39,1,2.52),(857,11,5,7.35),(857,17,2,8.34),(858,3,8,4.87),(858,6,3,5.25),(858,34,4,3.79),(859,2,8,2.14),(859,30,5,9.20),(860,34,8,3.79),(861,34,8,3.79),(861,37,7,2.06),(862,13,9,8.06),(863,23,10,4.66),(863,28,9,5.38),(863,34,7,3.79),(864,4,2,3.37),(864,8,3,5.17),(865,1,7,8.77),(865,8,7,5.17),(865,14,9,8.28),(865,17,3,8.34),(865,25,2,9.96),(865,28,5,5.38),(866,13,7,8.06),(866,15,7,6.61),(866,27,2,2.58),(866,36,9,4.35),(867,2,5,2.14),(867,5,1,5.88),(868,3,6,4.87),(868,20,7,4.32),(868,33,3,8.86),(868,34,7,3.79),(869,35,2,6.88),(869,39,9,2.52),(870,10,8,3.32),(870,25,4,9.96),(871,31,5,2.59),(871,41,9,6.89),(872,9,4,3.22),(872,39,1,2.52),(873,15,2,6.61),(874,1,7,8.77),(874,7,1,6.51),(875,28,8,5.38),(876,9,6,3.22),(877,7,7,6.51),(877,13,1,8.06),(878,1,4,8.77),(878,12,2,7.14),(879,20,3,4.32),(879,22,7,7.50),(880,10,8,3.32),(880,28,2,5.38),(880,32,2,2.80),(880,39,4,2.52),(881,27,8,2.58),(881,41,6,6.89),(882,15,6,6.61),(883,26,8,3.71),(884,18,5,8.54),(884,40,5,8.24),(885,8,8,5.17),(885,29,10,5.18),(886,11,10,7.35),(887,8,4,5.17),(887,11,3,7.35),(887,34,2,3.79),(888,6,5,5.25),(888,11,2,7.35),(889,17,9,8.34),(889,38,10,2.43),(890,12,10,7.14),(890,21,1,5.76),(891,8,10,5.17),(891,35,3,6.88),(892,8,1,5.17),(892,15,1,6.61),(892,17,4,8.34),(892,21,8,5.76),(892,34,2,3.79),(893,19,10,7.57),(893,32,2,2.80),(894,14,6,8.28),(894,21,3,5.76),(895,26,5,3.71),(895,33,3,8.86),(896,15,1,6.61),(896,29,8,5.18),(897,3,9,4.87),(898,15,4,6.61),(898,17,6,8.34),(899,9,1,3.22),(899,28,3,5.38),(900,26,9,3.71),(900,27,3,2.58),(901,4,1,3.37),(901,36,8,4.35),(902,19,3,7.57),(902,30,3,9.20),(903,17,2,8.34),(903,23,10,4.66),(904,23,2,4.66),(904,41,6,6.89),(905,8,9,5.17),(905,34,5,3.79),(906,9,6,3.22),(907,23,3,4.66),(908,6,6,5.25),(908,18,10,8.54),(908,32,1,2.80),(909,20,10,4.32),(910,20,6,4.32),(910,38,5,2.43),(911,38,5,2.43),(911,40,6,8.24),(912,4,10,3.37),(912,27,5,2.58),(913,4,8,3.37),(914,5,8,5.88),(914,39,3,2.52),(915,16,7,6.31),(915,19,1,7.57),(915,34,1,3.79),(915,36,8,4.35),(916,4,1,3.37),(917,22,7,7.50),(917,33,6,8.86),(918,9,9,3.22),(918,27,1,2.58),(919,16,8,6.31),(919,30,10,9.20),(920,15,1,6.61),(921,4,1,3.37),(921,35,10,6.88),(922,30,6,9.20),(923,35,1,6.88),(924,19,1,7.57),(925,15,9,6.61),(925,19,2,7.57),(926,8,10,5.17),(926,13,9,8.06),(926,18,3,8.54),(926,39,7,2.52),(927,12,1,7.14),(927,14,6,8.28),(927,30,7,9.20),(927,32,10,2.80),(927,35,8,6.88),(928,1,3,8.77),(928,22,8,7.50),(928,36,2,4.35),(929,19,7,7.57),(929,32,1,2.80),(930,41,6,6.89),(931,9,3,3.22),(931,11,10,7.35),(931,13,4,8.06),(932,16,6,6.31),(932,18,9,8.54),(932,36,10,4.35),(933,11,9,7.35),(933,12,3,7.14),(933,22,6,7.50),(933,33,1,8.86),(933,34,6,3.79),(934,16,2,6.31),(934,40,5,8.24),(935,9,7,3.22),(935,22,10,7.50),(936,20,4,4.32),(936,39,7,2.52),(937,26,4,3.71),(938,31,6,2.59),(938,35,3,6.88),(939,8,10,5.17),(939,14,7,8.28),(939,31,7,2.59),(940,15,6,6.61),(941,22,8,7.50),(941,26,9,3.71),(942,30,1,9.20),(942,39,3,2.52),(943,26,9,3.71),(944,22,7,7.50),(944,26,10,3.71),(945,18,9,8.54),(945,31,6,2.59),(946,14,2,8.28),(947,6,7,5.25),(947,27,9,2.58),(948,18,4,8.54),(948,29,5,5.18),(949,18,4,8.54),(949,33,4,8.86),(950,25,4,9.96),(951,2,2,2.14),(951,28,10,5.38),(951,39,5,2.52),(952,32,2,2.80),(953,4,5,3.37),(953,41,6,6.89),(954,27,6,2.58),(954,28,6,5.38),(955,13,2,8.06),(956,14,8,8.28),(957,19,2,7.57),(957,33,8,8.86),(958,5,5,5.88),(958,35,8,6.88),(959,39,1,2.52),(960,21,10,5.76),(960,29,1,5.18),(960,30,7,9.20),(961,23,2,4.66),(961,27,1,2.58),(962,15,4,6.61),(962,24,9,5.54),(963,14,4,8.28),(963,17,1,8.34),(964,4,8,3.37),(964,31,8,2.59),(964,35,8,6.88),(964,39,2,2.52),(965,2,4,2.14),(966,7,4,6.51),(967,40,8,8.24),(968,15,5,6.61),(968,35,10,6.88),(969,32,7,2.80),(970,11,9,7.35),(970,34,3,3.79),(971,16,2,6.31),(971,40,1,8.24),(972,23,9,4.66),(972,28,2,5.38),(972,35,5,6.88),(973,12,1,7.14),(973,28,4,5.38),(974,27,7,2.58),(975,22,7,7.50),(976,35,10,6.88),(977,19,7,7.57),(978,2,4,2.14),(979,30,3,9.20),(979,40,3,8.24),(980,23,2,4.66),(981,12,2,7.14),(981,21,8,5.76),(982,26,5,3.71),(982,32,10,2.80),(983,3,7,4.87),(983,18,4,8.54),(983,32,6,2.80),(984,32,1,2.80),(985,30,4,9.20),(985,39,7,2.52),(986,9,3,3.22),(986,18,5,8.54),(986,34,6,3.79),(987,14,1,8.28),(987,17,10,8.34),(987,26,6,3.71),(988,15,10,6.61),(988,27,4,2.58),(988,34,2,3.79),(988,41,1,6.89),(989,7,10,6.51),(989,11,4,7.35),(990,30,9,9.20),(991,2,3,2.14),(992,10,6,3.32),(992,21,9,5.76),(993,6,10,5.25),(993,24,2,5.54),(994,2,2,2.14),(994,16,7,6.31),(994,25,1,9.96),(995,19,6,7.57),(995,41,9,6.89),(996,11,4,7.35),(996,15,6,6.61),(997,13,6,8.06),(997,41,2,6.89),(998,28,4,5.38),(999,7,5,6.51),(999,11,4,7.35),(1000,16,5,6.31),(1001,2,8,2.14),(1001,27,8,2.58),(1002,34,9,3.79),(1002,41,6,6.89),(1003,5,9,5.88),(1003,31,3,2.59),(1004,13,1,8.06),(1004,33,4,8.86),(1005,32,4,2.80),(1006,8,8,5.17),(1006,33,10,8.86),(1007,18,9,8.54),(1007,38,1,2.43),(1008,4,3,3.37),(1008,32,9,2.80),(1009,9,4,3.22),(1009,16,3,6.31),(1010,36,10,4.35),(1011,14,5,8.28),(1011,31,2,2.59),(1012,24,7,5.54),(1012,28,6,5.38),(1012,33,3,8.86),(1013,10,8,3.32),(1013,29,2,5.18),(1014,8,6,5.17),(1014,9,4,3.22),(1015,10,5,3.32),(1015,31,1,2.59),(1016,12,6,7.14),(1016,36,8,4.35),(1016,37,9,2.06),(1017,27,3,2.58),(1017,30,2,9.20),(1018,28,1,5.38),(1018,34,3,3.79),(1018,38,3,2.43),(1018,39,7,2.52),(1019,8,6,5.17),(1020,2,8,2.14),(1020,5,8,5.88),(1021,11,3,7.35),(1021,22,1,7.50),(1021,35,5,6.88),(1022,16,8,6.31),(1022,29,2,5.18),(1023,3,9,4.87),(1024,2,3,2.14),(1024,16,4,6.31),(1025,23,8,4.66),(1025,32,2,2.80),(1025,36,9,4.35),(1026,26,8,3.71),(1026,37,1,2.06),(1027,6,3,5.25),(1027,28,1,5.38),(1027,32,8,2.80),(1027,38,6,2.43),(1028,11,6,7.35),(1028,28,5,5.38),(1028,36,9,4.35),(1029,38,3,2.43),(1030,4,7,3.37),(1031,10,3,3.32),(1031,16,3,6.31),(1032,32,9,2.80),(1033,9,5,3.22),(1033,40,8,8.24),(1034,36,1,4.35),(1035,25,10,9.96),(1035,29,4,5.18),(1036,18,9,8.54),(1036,30,5,9.20),(1036,32,5,2.80),(1036,41,6,6.89),(1037,9,2,3.22),(1037,16,6,6.31),(1038,18,1,8.54),(1038,39,6,2.52),(1039,14,7,8.28),(1039,34,8,3.79),(1039,41,10,6.89),(1040,28,9,5.38),(1040,32,10,2.80),(1040,37,9,2.06),(1041,3,5,4.87),(1041,38,8,2.43),(1041,39,6,2.52),(1042,3,6,4.87),(1042,35,9,6.88),(1043,23,3,4.66),(1043,30,4,9.20),(1044,10,3,3.32),(1044,23,6,4.66),(1045,4,2,3.37),(1045,30,6,9.20),(1046,18,10,8.54),(1046,21,8,5.76),(1047,12,8,7.14),(1047,15,6,6.61),(1048,11,8,7.35),(1048,25,7,9.96),(1049,22,9,7.50),(1049,40,4,8.24),(1050,35,8,6.88),(1051,35,5,6.88),(1052,32,9,2.80),(1053,16,9,6.31),(1054,21,6,5.76),(1054,26,9,3.71),(1055,25,10,9.96),(1055,31,6,2.59),(1056,22,7,7.50),(1057,13,8,8.06),(1057,19,4,7.57),(1058,9,3,3.22),(1059,13,7,8.06),(1059,16,3,6.31),(1060,7,1,6.51),(1060,29,7,5.18),(1060,37,4,2.06),(1061,20,10,4.32),(1062,28,8,5.38),(1062,40,9,8.24),(1063,13,3,8.06),(1063,37,8,2.06),(1064,10,1,3.32),(1064,23,10,4.66),(1065,33,2,8.86),(1065,36,8,4.35),(1065,37,8,2.06),(1066,10,8,3.32),(1066,39,2,2.52),(1067,10,2,3.32),(1067,34,9,3.79),(1068,25,4,9.96),(1068,32,5,2.80),(1069,16,7,6.31),(1070,21,6,5.76),(1070,39,2,2.52),(1071,11,2,7.35),(1071,25,2,9.96),(1072,9,5,3.22),(1072,16,5,5.18),(1073,6,7,5.25),(1074,1,5,8.77),(1074,24,5,5.54),(1074,26,3,3.71),(1075,14,5,8.28),(1075,32,10,2.80),(1076,5,8,5.88),(1076,24,7,5.54),(1077,36,2,4.35),(1077,41,2,6.89),(1078,18,1,8.54),(1079,15,2,6.61),(1080,17,9,8.34),(1080,32,2,2.80),(1081,16,7,2.80),(1081,35,5,6.88),(1081,36,3,4.35),(1081,41,10,6.89),(1082,3,4,4.87),(1082,22,7,7.50),(1083,28,7,5.38),(1084,2,9,2.14),(1084,10,1,3.32),(1085,15,3,6.61),(1086,29,9,5.18),(1087,1,2,8.77),(1087,10,3,3.32),(1087,32,2,2.80),(1088,6,6,5.25),(1088,10,2,3.32),(1089,32,3,2.80),(1090,11,5,7.35),(1090,34,2,3.79),(1090,38,3,2.43),(1091,19,1,7.57),(1091,28,10,5.38),(1092,1,9,8.77),(1092,6,1,5.25),(1092,28,6,5.38),(1092,30,3,9.20),(1093,31,9,2.59),(1094,29,1,5.18),(1094,30,8,9.20),(1095,9,8,3.22),(1095,11,10,7.35),(1095,34,6,3.79),(1096,28,6,5.38),(1097,3,5,4.87),(1097,23,9,4.66),(1097,35,1,6.88),(1097,38,10,2.43),(1098,10,4,3.32),(1098,12,3,7.14),(1098,21,1,5.76),(1098,40,3,8.24),(1099,5,2,5.88),(1099,6,2,5.25),(1099,7,8,6.51),(1100,4,4,3.37),(1100,31,8,2.59),(1100,35,3,6.88),(1101,2,4,2.14),(1101,15,7,6.61),(1101,19,5,7.57),(1101,35,3,6.88),(1102,18,5,8.54),(1103,17,9,8.34),(1104,24,3,5.54),(1105,30,10,9.20),(1105,40,3,8.24),(1106,28,2,5.38),(1107,5,9,5.88),(1107,37,3,2.06),(1108,2,8,2.14),(1109,30,8,9.20),(1110,16,2,6.31),(1110,31,7,2.59),(1111,27,1,2.58),(1112,1,6,8.77),(1112,8,9,5.17),(1113,16,9,6.31),(1114,8,5,5.17),(1114,25,6,9.96),(1115,4,8,3.37),(1115,26,5,3.71),(1116,1,4,8.77),(1116,16,3,6.31),(1116,31,7,2.59),(1117,20,9,4.32),(1118,21,7,5.76),(1119,7,1,6.51),(1119,16,7,6.31),(1120,20,3,4.32),(1120,23,10,4.66),(1121,28,7,5.38),(1121,37,1,2.06),(1122,37,1,2.06),(1123,11,9,7.35),(1123,32,5,2.80),(1123,39,7,2.52),(1124,39,6,2.52),(1125,38,2,2.43),(1125,39,6,2.52),(1126,7,9,6.51),(1126,15,7,6.61),(1127,6,9,5.25),(1127,18,6,8.54),(1127,21,2,5.76),(1128,2,3,2.14),(1128,8,3,5.17),(1128,18,5,8.54),(1128,20,4,4.32),(1129,32,2,2.80),(1129,37,4,2.06),(1130,7,6,6.51),(1130,17,2,8.34),(1131,1,2,8.77),(1131,19,2,7.57),(1132,19,4,7.57),(1132,24,1,5.54),(1133,8,3,5.17),(1134,10,10,3.32),(1134,39,5,2.52),(1135,28,9,5.38),(1136,4,5,3.37),(1136,24,3,5.54),(1137,15,9,6.61),(1137,23,4,4.66),(1138,32,6,2.80),(1139,4,6,3.37),(1139,28,1,5.38),(1140,1,3,8.77),(1140,19,1,7.57),(1140,30,10,9.20),(1141,26,5,3.71),(1141,28,6,5.38),(1141,32,7,2.80),(1142,38,1,2.43),(1143,34,7,3.79),(1144,3,3,4.87),(1144,16,5,6.31),(1145,15,6,6.61),(1145,16,2,6.31),(1146,22,4,7.50),(1146,25,4,9.96),(1147,22,1,7.50),(1147,32,7,2.80),(1148,30,5,9.20),(1148,36,4,4.35),(1149,4,10,3.37),(1149,37,4,2.06),(1150,20,8,4.32),(1150,31,10,2.59),(1150,38,2,2.43),(1151,2,4,2.14),(1151,6,1,5.25),(1151,19,2,7.57),(1152,15,7,6.61),(1152,28,10,5.38),(1152,37,2,2.06),(1153,7,9,6.51),(1153,24,3,5.54),(1154,12,8,7.14),(1155,8,2,5.17),(1155,12,10,7.14),(1155,16,7,6.31),(1155,19,9,7.57),(1155,30,4,9.20),(1155,35,7,6.88),(1156,6,1,5.25),(1156,7,5,6.51),(1156,15,8,6.61),(1156,25,5,9.96),(1156,33,2,8.86),(1157,10,3,3.32),(1157,31,10,2.59),(1157,34,3,3.79),(1158,1,9,8.77),(1158,16,6,6.31),(1159,24,10,5.54),(1159,32,8,2.80),(1159,34,7,3.79),(1160,26,9,3.71),(1161,6,1,5.25),(1161,15,8,6.61),(1161,16,6,6.31),(1161,31,4,2.59),(1162,6,5,5.25),(1162,32,9,2.80),(1163,20,9,4.32),(1163,23,4,4.66),(1163,37,8,2.06),(1164,7,1,6.51),(1165,12,7,7.14),(1165,15,8,6.61),(1165,24,5,5.54),(1166,29,7,5.18),(1166,35,8,6.88),(1167,18,10,8.54),(1167,34,6,3.79),(1168,5,7,5.88),(1168,12,7,7.14),(1168,24,4,5.54),(1168,27,2,2.58),(1168,34,6,3.79),(1169,18,5,8.54),(1169,36,7,4.35),(1170,1,6,8.77),(1170,35,4,6.88),(1171,17,5,8.34),(1172,26,5,3.71),(1172,27,7,2.58),(1172,37,2,2.06),(1172,40,5,8.24),(1173,6,6,5.25),(1174,32,5,2.80),(1175,25,6,9.96),(1175,37,6,2.06),(1176,31,3,2.59),(1176,32,7,2.80),(1177,13,9,8.06),(1178,12,9,7.14),(1179,4,8,3.37),(1179,21,3,5.76),(1180,7,8,6.51),(1180,15,8,6.61),(1180,29,2,5.18),(1181,3,5,4.87),(1182,9,9,3.22),(1182,26,8,3.71),(1183,7,3,6.51),(1183,26,6,3.71),(1184,4,10,3.37),(1184,7,2,6.51),(1184,15,4,6.61),(1185,15,4,6.61),(1185,27,3,2.58),(1185,31,2,2.59),(1185,36,4,4.35),(1186,20,10,4.32),(1187,33,1,8.86),(1188,24,9,5.54),(1189,23,2,4.66),(1190,28,5,5.38),(1191,32,2,2.80),(1192,1,2,8.77),(1192,5,1,5.88),(1192,28,10,5.38),(1193,8,2,5.17),(1194,27,3,2.58),(1195,26,8,3.71),(1196,10,4,3.32),(1196,40,5,8.24),(1197,8,5,5.17),(1198,24,8,5.54),(1199,12,8,7.14),(1199,16,10,6.31),(1200,2,2,2.14),(1200,9,4,3.22),(1201,16,5,6.31),(1201,18,10,8.54),(1201,32,6,2.80),(1202,14,5,8.28),(1203,10,2,3.32),(1203,15,7,6.61),(1203,16,6,6.31),(1204,15,7,6.61),(1204,33,10,8.86),(1204,37,3,2.06),(1205,25,3,9.96),(1205,40,10,8.24),(1206,21,10,5.76),(1207,22,5,7.50),(1208,23,3,4.66),(1208,29,8,5.18),(1209,6,3,5.25),(1209,12,1,7.14),(1209,32,9,2.80),(1210,10,8,3.32),(1210,28,5,5.38),(1210,29,1,5.18),(1211,17,5,8.34),(1211,24,5,5.54),(1211,28,10,5.38),(1212,6,6,5.25),(1212,27,6,2.58),(1213,7,7,6.51),(1213,33,1,8.86),(1214,6,4,5.25),(1214,8,3,5.17),(1215,8,1,5.17),(1215,10,10,3.32),(1215,16,9,6.31),(1215,25,8,9.96),(1215,34,3,3.79),(1216,29,5,5.18),(1217,12,5,7.14),(1217,34,10,3.79),(1218,12,10,7.14),(1218,28,10,5.38),(1218,39,1,2.52),(1219,13,5,8.06),(1219,34,1,3.79),(1220,28,9,5.38),(1221,27,3,2.58),(1222,15,6,6.61),(1222,23,5,4.66),(1223,16,5,6.31),(1224,16,5,6.31),(1225,33,7,8.86),(1225,41,7,6.89),(1226,31,7,2.59),(1227,3,6,4.87),(1227,35,6,6.88),(1228,6,5,5.25),(1228,27,2,2.58),(1228,37,3,2.06),(1228,39,7,2.52),(1229,12,7,7.14),(1229,38,9,2.43),(1230,8,7,5.17),(1231,41,9,6.89),(1232,9,9,3.22),(1232,28,7,5.38),(1233,9,7,3.22),(1233,24,8,5.54),(1233,26,9,3.71),(1234,12,6,7.14),(1234,14,5,8.28),(1234,32,3,2.80),(1235,39,4,2.52),(1235,41,6,6.89),(1236,21,6,5.76),(1237,4,2,3.37),(1237,22,6,7.50),(1238,4,7,3.37),(1238,28,8,5.38),(1239,8,6,5.17),(1239,10,7,3.32),(1239,12,1,7.14),(1239,14,10,8.28),(1239,32,4,2.80),(1240,27,1,2.58),(1241,4,3,3.37),(1241,23,1,4.66),(1242,11,7,7.35),(1242,23,7,4.66),(1242,39,5,2.52),(1243,26,6,3.71),(1243,38,4,2.43),(1244,19,2,7.57),(1244,29,1,5.18),(1245,13,2,8.06),(1245,34,4,3.79),(1246,14,1,8.28),(1246,17,9,8.34),(1246,21,9,5.76),(1246,34,10,3.79),(1247,35,2,6.88),(1247,37,2,2.06),(1248,19,3,7.57),(1248,24,6,5.54),(1249,34,3,3.79),(1249,35,1,6.88),(1250,28,10,5.38),(1250,35,6,6.88),(1251,4,6,3.37),(1251,8,5,5.17),(1251,25,3,9.96),(1251,34,8,3.79),(1252,20,5,4.32),(1253,11,9,7.35),(1253,34,10,3.79),(1254,23,6,4.66),(1254,28,2,5.38),(1254,34,8,3.79),(1255,15,6,6.61),(1256,20,3,4.32),(1256,21,3,5.76),(1257,3,10,4.87),(1257,28,9,5.38),(1257,33,6,8.86),(1258,35,10,6.88),(1259,20,4,4.32),(1260,12,8,7.14),(1261,12,3,7.14),(1261,32,5,2.80),(1261,41,3,6.89),(1262,33,10,8.86),(1263,10,7,3.32),(1263,39,10,2.52),(1264,12,4,7.14),(1264,14,4,8.28),(1265,26,7,3.71),(1266,27,7,2.58),(1267,5,1,5.88),(1268,15,7,6.61),(1268,35,5,6.88),(1269,32,10,4.32),(1270,4,9,3.37),(1270,22,8,7.50),(1270,34,10,3.79),(1270,38,6,2.43),(1270,39,1,2.52),(1271,4,3,3.37),(1271,12,5,7.14),(1272,13,9,8.06),(1272,22,7,7.50),(1272,34,9,3.79),(1273,17,10,8.34),(1273,28,4,5.38),(1273,30,7,9.20),(1273,33,6,8.86),(1273,38,10,2.43),(1274,16,5,6.31),(1275,1,9,8.77),(1275,14,9,8.28),(1276,11,9,7.35),(1276,23,3,4.66),(1277,12,10,7.14),(1277,41,9,6.89),(1278,25,3,9.96),(1278,37,4,2.06),(1279,3,9,4.87),(1279,14,9,8.28),(1279,18,10,8.54),(1280,21,4,5.76),(1280,27,4,2.58),(1280,31,10,2.59),(1280,35,8,6.88),(1280,38,2,2.43),(1281,7,9,6.51),(1281,14,6,8.28),(1281,27,8,2.58),(1282,28,10,5.38),(1283,39,1,2.52),(1284,15,2,6.61),(1284,35,2,6.88),(1285,4,2,3.37),(1285,18,6,8.54),(1285,22,4,7.50),(1285,27,5,2.58),(1286,8,5,5.17),(1286,19,7,7.57),(1286,23,6,4.66),(1286,41,7,6.89),(1287,26,8,3.71),(1288,20,6,4.32),(1288,22,3,7.50),(1288,34,2,3.79),(1289,8,7,5.17),(1289,27,2,2.58),(1289,32,5,2.80),(1290,3,1,4.87),(1290,25,1,9.96),(1291,12,6,7.14),(1291,22,8,7.50),(1292,24,6,5.54),(1293,22,7,7.50),(1294,16,4,6.31),(1294,41,2,6.89),(1295,12,4,7.14),(1295,23,1,4.66),(1296,1,5,8.77),(1296,25,3,9.96),(1297,16,1,6.31),(1297,39,9,2.52),(1298,33,6,8.86),(1298,34,4,3.79),(1299,13,7,8.06),(1300,8,5,5.17),(1301,7,2,6.51),(1301,31,2,2.59),(1302,15,2,6.61),(1302,16,2,6.31),(1302,25,2,9.96),(1303,22,2,7.50),(1304,28,10,5.38),(1305,34,8,3.79),(1306,14,9,8.28),(1307,15,5,6.61),(1307,36,4,4.35),(1308,15,4,6.61),(1308,30,6,9.20),(1308,36,5,4.35),(1308,37,5,2.06),(1309,33,2,8.86),(1309,39,5,2.52),(1309,41,8,6.89),(1310,9,5,3.22),(1311,11,5,7.35),(1311,17,9,8.34),(1312,21,8,5.76),(1312,40,4,8.24),(1313,12,1,7.14),(1313,27,7,2.58),(1314,27,10,2.58),(1315,10,5,3.32),(1315,17,1,8.34),(1315,27,3,2.58),(1315,29,7,5.18),(1315,32,3,2.80),(1315,39,1,2.52),(1316,10,4,3.32),(1317,5,7,5.88),(1317,13,10,8.06),(1317,19,4,7.57),(1317,24,5,5.54),(1317,40,2,8.24),(1318,18,1,8.54),(1318,41,3,6.89),(1319,3,3,4.87),(1319,10,5,3.32),(1320,41,2,6.89),(1321,7,1,6.51),(1321,16,8,6.31),(1321,32,3,2.80),(1322,21,9,5.76),(1322,27,5,2.58),(1322,28,2,5.38),(1323,4,6,3.37),(1323,27,1,2.58),(1324,15,6,6.61),(1324,19,7,7.57),(1325,6,7,5.25),(1326,33,10,8.86),(1327,16,6,6.31),(1327,24,6,5.54),(1327,30,2,9.20),(1328,24,4,5.54),(1328,32,4,2.80),(1328,34,9,3.79),(1329,25,1,9.96),(1329,32,1,2.80),(1330,3,7,4.87),(1331,21,1,5.76),(1331,34,4,3.79),(1332,16,2,6.31),(1333,31,5,2.59),(1333,40,2,8.24),(1334,10,10,3.32),(1334,15,7,6.61),(1334,24,8,5.54),(1335,5,7,5.88),(1335,21,1,5.76),(1336,7,6,6.51),(1336,28,10,5.38),(1337,3,10,4.87),(1337,6,10,5.25),(1337,10,4,3.32),(1338,1,3,8.77),(1338,15,9,6.61),(1338,28,8,5.38),(1338,40,10,8.24),(1339,33,6,8.86),(1339,34,3,3.79),(1340,2,2,2.14),(1340,8,1,5.17),(1341,12,1,7.14),(1341,15,6,6.61),(1342,6,9,5.25),(1342,15,7,6.61),(1342,41,1,6.89),(1343,4,6,3.37),(1343,28,1,5.38),(1343,36,8,4.35),(1343,41,4,6.89),(1344,16,6,6.31),(1345,14,8,8.28),(1345,15,2,6.61),(1346,9,5,3.22),(1346,15,1,6.61),(1346,25,3,9.96),(1346,38,7,2.43),(1347,19,8,7.57),(1347,20,5,4.32),(1348,2,9,2.14),(1348,40,1,8.24),(1349,4,6,3.37),(1349,37,7,2.06),(1350,29,3,5.18),(1351,14,4,8.28),(1351,27,4,2.58),(1352,10,6,3.32),(1352,19,1,7.57),(1353,2,9,2.14),(1353,7,8,6.51),(1353,39,4,2.52),(1353,40,4,8.24),(1354,34,2,3.79),(1355,36,7,4.35),(1356,4,4,3.37),(1356,23,9,4.66),(1357,19,7,7.57),(1358,9,7,3.22),(1359,28,8,5.38),(1360,37,10,2.06),(1361,16,10,6.31),(1361,23,3,4.66),(1362,4,1,3.37),(1362,7,10,6.51),(1362,34,6,3.79),(1363,23,2,4.66),(1363,26,1,3.71),(1364,21,3,5.76),(1364,32,2,2.80),(1365,4,6,3.37),(1365,37,1,2.06),(1366,2,9,2.14),(1366,14,3,8.28),(1367,27,4,2.58),(1368,11,1,7.35),(1368,23,3,4.66),(1369,18,4,8.54),(1370,7,4,6.51),(1370,14,8,8.28),(1371,17,2,8.34),(1371,23,2,4.66),(1372,25,3,9.96),(1372,31,3,2.59),(1373,15,10,6.61),(1373,17,6,8.34),(1373,28,3,5.38),(1374,28,6,5.38),(1374,37,1,2.06),(1375,17,2,8.34),(1375,33,8,8.86),(1376,2,7,2.14),(1376,15,9,6.61),(1376,22,2,7.50),(1377,14,3,8.28),(1378,18,8,8.54),(1378,27,8,2.58),(1379,14,5,8.28),(1379,21,1,5.76),(1379,22,4,7.50),(1380,5,7,5.88),(1381,1,6,8.77),(1381,36,9,4.35),(1382,35,8,6.88),(1383,10,9,3.32),(1383,18,8,8.54),(1383,23,6,4.66),(1383,27,3,2.58),(1384,18,4,8.54),(1384,36,5,4.35),(1385,8,1,5.17),(1385,34,5,3.79),(1386,7,4,6.51),(1386,18,1,8.54),(1387,10,9,3.32),(1387,33,4,8.86),(1388,2,8,2.14),(1388,18,5,8.54),(1388,26,5,3.71),(1388,27,9,2.58),(1389,5,5,5.88),(1389,28,1,5.38),(1390,10,4,3.32),(1390,14,3,8.28),(1390,24,10,5.54),(1390,28,9,5.38),(1390,32,10,2.80),(1390,35,9,6.88),(1390,39,4,2.52),(1391,9,9,3.22),(1391,15,2,6.61),(1391,22,3,7.50),(1391,28,5,5.38),(1392,9,1,3.22),(1392,16,9,6.31),(1393,2,10,2.14),(1393,18,6,8.54),(1393,22,10,7.50),(1394,1,10,8.77),(1394,9,6,3.22),(1394,26,7,3.71),(1395,1,4,8.77),(1395,2,1,2.14),(1395,11,3,7.35),(1395,31,10,2.59),(1396,16,6,6.31),(1396,19,1,7.57),(1396,20,5,4.32),(1396,40,9,8.24),(1397,1,5,8.77),(1397,19,1,7.57),(1397,28,2,5.38),(1398,10,1,3.32),(1399,19,7,7.57),(1399,30,2,9.20),(1400,6,6,5.25),(1400,28,2,5.38),(1401,19,7,7.57),(1401,23,8,4.66),(1401,26,9,3.71),(1402,1,6,8.77),(1402,8,7,5.17),(1403,13,9,8.06),(1403,34,6,3.79),(1404,5,4,5.88),(1404,13,2,8.06),(1404,22,1,7.50),(1404,26,1,3.71),(1404,28,9,5.38),(1405,13,9,8.06),(1406,27,4,2.58),(1407,3,2,4.87),(1407,40,3,8.24),(1408,12,3,7.14),(1408,26,5,3.71),(1409,7,6,6.51),(1410,24,1,5.54),(1410,26,1,3.71),(1410,32,3,2.80),(1410,35,4,6.88),(1411,6,4,5.25),(1411,13,2,8.06),(1411,29,8,5.18),(1411,33,2,8.86),(1412,39,2,2.52),(1413,6,7,5.25),(1413,15,9,6.61),(1414,16,8,6.31),(1415,17,8,8.34),(1415,36,6,4.35),(1415,41,5,6.89),(1416,29,8,5.18),(1417,21,8,5.76),(1418,18,7,8.54),(1419,28,2,5.38),(1419,32,7,2.80),(1420,11,4,7.35),(1420,32,4,2.80),(1421,28,7,5.38),(1421,32,5,2.80),(1422,6,2,5.25),(1422,18,7,8.54),(1423,36,1,4.35),(1424,33,6,8.86),(1425,27,9,2.58),(1426,33,9,8.86),(1427,19,3,7.57),(1427,35,9,6.88),(1428,3,3,4.87),(1428,15,9,6.61),(1428,16,4,6.31),(1428,20,7,4.32),(1428,24,10,5.54),(1428,25,5,9.96),(1428,41,4,6.89),(1429,14,2,8.28),(1429,30,4,9.20),(1430,7,1,6.51),(1430,27,5,2.58),(1431,18,1,8.54),(1431,20,2,4.32),(1432,5,1,5.88),(1432,10,8,3.32),(1433,2,5,2.14),(1434,6,3,5.25),(1434,9,2,3.22),(1434,34,7,3.79),(1435,7,2,6.51),(1435,13,9,8.06),(1435,15,6,6.61),(1436,13,9,8.06),(1437,4,5,3.37),(1437,16,5,6.31),(1438,7,6,6.51),(1438,22,8,7.50),(1439,26,1,3.71),(1439,28,3,5.38),(1439,35,6,6.88),(1440,11,9,7.35),(1440,38,10,2.43),(1441,23,10,4.66),(1441,32,9,2.80),(1442,4,6,3.37),(1442,38,10,2.43),(1443,7,4,6.51),(1443,25,5,9.96),(1444,15,3,6.61),(1444,29,2,5.18),(1445,1,7,8.77),(1445,12,2,7.14),(1446,31,3,2.59),(1446,36,10,4.35),(1447,12,8,7.14),(1447,24,6,5.54),(1448,5,6,5.88),(1448,22,4,7.50),(1449,5,8,5.88),(1449,14,3,8.28),(1450,34,9,3.79),(1450,36,4,4.35),(1451,13,1,8.06),(1451,14,8,8.28),(1452,1,4,8.77),(1452,15,8,6.61),(1453,18,2,8.54),(1454,8,9,5.17),(1454,28,8,5.38),(1455,2,2,2.14),(1455,7,5,6.51),(1456,5,9,5.88),(1456,33,10,8.86),(1457,5,4,5.88),(1457,19,9,7.57),(1458,3,7,4.87),(1458,4,8,3.37),(1459,8,6,5.17),(1459,27,9,2.58),(1460,2,3,2.14),(1460,13,5,8.06),(1461,9,4,3.22),(1462,25,3,9.96),(1462,32,2,2.80),(1463,15,7,6.61),(1463,18,10,8.54),(1464,1,7,8.77),(1464,24,5,5.54),(1465,26,3,3.71),(1466,27,1,2.58),(1467,8,4,5.17),(1467,10,5,3.32),(1468,14,10,8.28),(1469,24,8,5.54),(1470,21,5,5.76),(1470,38,9,2.43),(1471,29,8,5.18),(1471,33,2,8.86),(1472,34,5,3.79),(1472,35,4,6.88),(1473,2,3,2.14),(1473,10,10,3.32),(1474,4,6,3.37),(1474,39,1,2.52),(1475,5,4,5.88),(1475,26,10,3.71),(1476,22,1,7.50),(1476,25,7,9.96),(1477,11,4,7.35),(1477,12,5,7.14),(1478,9,4,3.22),(1478,22,7,7.50),(1479,18,2,8.54),(1479,37,3,2.06),(1480,2,1,2.14),(1480,39,9,2.52),(1481,16,7,6.31),(1481,24,4,5.54),(1482,2,7,2.14),(1482,28,4,5.38),(1483,9,5,3.22),(1483,10,1,3.32),(1484,8,2,5.17),(1484,20,1,4.32),(1485,10,4,3.32),(1485,28,1,5.38),(1486,7,6,6.51),(1486,21,6,5.76),(1487,7,8,6.51),(1487,27,7,2.58),(1488,9,5,3.22),(1488,39,3,2.52),(1489,16,9,6.31),(1489,19,1,7.57),(1490,3,1,4.87),(1490,17,7,8.34),(1491,14,7,8.28),(1491,24,7,5.54),(1492,29,4,5.18),(1492,33,3,8.86),(1493,15,6,6.61),(1493,22,6,7.50),(1494,2,8,2.14),(1494,15,7,6.61),(1495,14,9,8.28),(1495,34,9,3.79),(1496,11,4,7.35),(1496,32,7,2.80),(1497,13,1,8.06),(1497,16,8,6.31),(1498,4,10,3.37),(1498,15,6,6.61),(1499,21,5,5.76),(1499,32,7,2.80),(1500,9,10,3.22),(1500,25,2,9.96),(1501,8,8,5.17),(1501,25,9,9.96),(1502,12,2,7.14),(1503,10,3,3.32),(1503,39,10,2.52),(1504,12,7,7.14),(1504,28,1,5.38),(1505,29,3,5.18),(1505,31,5,2.59),(1506,2,1,2.14),(1506,9,1,3.22),(1507,8,6,5.17),(1508,3,2,4.87),(1508,22,8,7.50),(1509,31,10,2.59),(1509,32,5,2.80),(1510,23,6,4.66),(1511,13,4,8.06),(1512,25,6,9.96),(1513,11,2,7.35),(1513,18,5,8.54),(1513,24,3,5.54),(1514,37,7,2.06),(1515,32,2,2.80),(1516,28,10,5.38),(1517,32,3,2.80),(1518,7,8,6.51),(1518,22,2,7.50),(1518,32,6,2.80),(1519,16,5,6.31),(1520,28,2,5.38),(1521,15,10,6.61),(1521,27,9,2.58),(1521,30,5,9.20),(1522,8,3,5.17),(1523,37,3,2.06),(1524,18,8,8.54),(1524,34,6,3.79),(1525,7,1,6.51),(1526,23,5,4.66),(1526,27,4,2.58),(1527,12,6,7.14),(1527,15,9,6.61),(1527,21,10,5.76),(1527,27,4,2.58),(1527,29,2,5.18),(1528,10,8,3.32),(1529,19,7,7.57),(1529,22,6,7.50),(1530,15,7,6.61),(1531,11,1,7.35),(1531,15,9,6.61),(1532,2,3,2.14),(1533,28,2,5.38),(1533,32,6,2.80),(1534,34,4,3.79),(1534,36,3,4.35),(1535,12,6,7.14),(1535,13,5,8.06),(1535,22,6,7.50),(1535,27,8,2.58),(1535,32,10,2.80),(1536,2,3,2.14),(1536,14,2,8.28),(1536,16,8,6.31),(1536,18,3,8.54),(1537,15,1,6.61),(1537,33,10,8.86),(1537,35,1,6.88),(1538,37,4,2.06),(1539,31,5,2.59),(1540,15,1,6.61),(1540,17,1,8.34),(1541,34,9,3.79),(1542,10,6,3.32),(1542,27,8,2.58),(1543,29,6,5.18),(1544,2,7,2.14),(1544,5,5,5.88),(1545,26,7,3.71),(1545,29,5,5.18),(1546,25,2,9.96),(1547,1,2,8.77),(1547,33,1,8.86),(1548,16,5,6.31),(1548,36,5,4.35),(1549,25,6,9.96),(1549,39,9,2.52),(1550,30,1,9.20),(1551,20,2,4.32),(1551,35,10,6.88),(1552,17,10,8.34),(1552,30,1,9.20),(1553,14,2,8.28),(1553,30,7,9.20),(1554,13,2,8.06),(1554,24,5,5.54),(1555,9,1,3.22),(1556,18,5,8.54),(1557,22,2,7.50),(1558,18,3,8.54),(1558,34,8,3.79),(1559,2,5,2.14),(1559,39,7,2.52),(1560,3,10,4.87),(1561,10,6,3.32),(1561,30,1,9.20),(1562,5,2,5.88),(1562,39,9,2.52),(1563,1,5,8.77),(1563,3,6,4.87),(1564,16,6,6.31),(1564,29,3,5.18),(1565,20,8,4.32),(1566,28,4,5.38),(1566,35,8,6.88),(1567,1,5,8.77),(1567,35,1,6.88),(1568,28,1,5.38),(1568,31,1,2.59),(1568,34,5,3.79),(1568,37,4,2.06),(1569,31,6,2.59),(1570,15,4,6.61),(1570,26,4,3.71),(1571,29,9,5.18),(1571,40,6,8.24),(1572,15,10,6.61),(1573,37,4,2.06),(1573,39,9,2.52),(1574,11,8,7.35),(1574,31,7,2.59),(1574,37,8,2.06),(1575,7,10,6.51),(1575,21,7,5.76),(1576,14,7,8.28),(1576,16,1,6.31),(1577,24,8,5.54),(1577,27,8,2.58),(1577,34,8,3.79),(1577,40,9,8.24),(1578,2,10,2.14),(1578,13,3,8.06),(1579,18,5,8.54),(1579,36,10,4.35),(1580,16,1,6.31),(1580,17,3,8.34),(1581,8,3,5.17),(1581,10,9,3.32),(1582,3,8,4.87),(1582,27,7,2.58),(1583,4,2,3.37),(1583,32,3,2.80),(1584,9,9,3.22),(1585,37,7,2.06),(1585,40,6,8.24),(1586,21,7,5.76),(1586,35,1,6.88),(1587,32,3,2.80),(1588,19,8,7.57),(1589,39,4,2.52),(1590,24,4,5.54),(1590,38,4,2.43),(1591,19,2,7.57),(1592,4,8,3.37),(1592,7,9,6.51),(1593,16,3,6.31),(1593,17,10,8.34),(1593,29,6,5.18),(1594,16,1,6.31),(1595,14,6,8.28),(1596,22,6,7.50),(1596,39,1,2.52),(1597,26,2,3.71),(1598,7,5,6.51),(1598,22,6,7.50),(1598,35,10,6.88),(1599,7,4,6.51),(1599,15,2,6.61),(1599,20,6,4.32),(1599,23,10,4.66),(1599,27,3,2.58),(1599,33,5,8.86),(1600,6,3,5.25),(1601,26,1,3.71),(1601,34,2,3.79),(1602,2,6,2.14),(1602,39,4,2.52),(1603,1,5,8.77),(1603,6,2,5.25),(1603,15,3,6.61),(1604,17,2,8.34),(1605,32,4,2.80),(1606,15,5,6.61),(1606,26,9,3.71),(1607,29,8,5.18),(1607,37,3,2.06),(1608,1,4,8.77),(1608,15,9,6.61),(1609,4,2,3.37),(1610,20,5,4.32),(1611,11,6,7.35),(1611,27,5,2.58),(1612,7,3,6.51),(1612,27,10,2.58),(1613,12,7,7.14),(1613,29,7,5.18),(1614,28,1,5.38),(1615,11,8,7.35),(1616,1,2,8.77),(1616,22,1,7.50),(1617,7,9,6.51),(1618,18,9,8.54),(1618,26,5,3.71),(1618,32,8,2.80),(1618,36,2,4.35),(1618,39,6,2.52),(1619,11,4,7.35),(1619,20,4,4.32),(1620,31,6,2.59),(1620,35,7,6.88),(1621,4,3,3.37),(1622,8,8,5.17),(1623,5,6,5.88),(1623,38,9,2.43),(1624,10,2,3.32),(1625,1,3,8.77),(1625,14,1,8.28),(1625,30,10,9.20),(1625,40,5,8.24),(1626,8,8,5.17),(1626,14,2,8.28),(1626,34,8,3.79),(1626,38,10,2.43),(1626,41,4,6.89),(1627,13,8,8.06),(1627,19,3,7.57),(1627,22,4,7.50),(1627,27,6,2.58),(1628,4,1,3.37),(1628,18,9,8.54),(1628,40,7,8.24),(1629,14,6,8.28),(1629,38,9,2.43),(1630,21,10,5.76),(1631,15,6,6.61),(1631,24,9,5.54),(1632,26,5,3.71),(1633,28,5,5.38),(1634,27,3,2.58),(1634,38,9,2.43),(1635,8,6,5.17),(1636,35,10,6.88),(1637,16,9,6.31),(1637,32,9,2.80),(1638,14,9,8.28),(1638,25,6,9.96),(1638,38,4,2.43),(1639,6,5,5.25),(1640,34,3,3.79),(1641,7,6,6.51),(1642,30,4,9.20),(1643,6,3,5.25),(1643,28,7,5.38),(1644,13,10,8.06),(1644,32,10,2.80),(1645,9,2,3.22),(1645,33,8,8.86),(1646,19,9,7.57),(1646,34,1,3.79),(1647,36,6,4.35),(1647,39,10,2.52),(1648,28,4,5.38),(1648,33,1,8.86),(1649,6,9,5.25),(1649,22,8,7.50),(1650,30,8,9.20),(1651,28,10,5.38),(1652,3,7,4.87),(1652,29,6,5.18),(1652,41,4,6.89),(1653,19,1,7.57),(1653,40,2,8.24),(1654,2,5,2.14),(1654,8,1,5.17),(1654,28,1,5.38),(1655,17,5,8.34),(1655,26,9,3.71),(1656,16,10,6.31),(1656,19,10,7.57),(1657,2,1,2.14),(1657,11,9,7.35),(1657,37,2,2.06),(1658,7,9,6.51),(1658,30,5,9.20),(1659,17,7,8.34),(1659,23,4,4.66),(1659,33,9,8.86),(1660,8,1,5.17),(1661,17,1,8.34),(1661,29,3,5.18),(1662,16,4,6.31),(1663,39,9,2.52),(1664,19,1,7.57),(1664,35,1,6.88),(1665,15,2,6.61),(1665,23,6,4.66),(1666,13,10,8.06),(1666,16,3,6.31),(1666,32,10,2.80),(1667,7,8,6.51),(1667,25,5,9.96),(1667,26,9,3.71),(1667,30,7,9.20),(1668,24,4,5.54),(1668,28,3,5.38),(1668,35,2,6.88),(1669,13,8,8.06),(1670,8,3,5.17),(1670,22,1,7.50),(1670,34,6,3.79),(1671,28,7,5.38),(1671,40,3,8.24),(1672,9,4,3.22),(1673,28,6,5.38),(1673,38,4,2.43),(1674,3,1,4.87),(1674,39,3,2.52),(1675,32,10,2.80),(1675,38,5,2.43),(1676,38,7,2.43),(1677,17,7,8.34),(1678,19,7,7.57),(1679,17,5,8.34),(1679,26,3,3.71),(1680,8,5,5.17),(1680,16,10,6.31),(1681,16,5,6.31),(1681,31,2,2.59),(1682,3,5,4.87),(1683,5,2,5.88),(1684,16,3,6.31),(1685,7,4,6.51),(1685,15,9,6.61),(1685,27,2,2.58),(1686,8,8,5.17),(1686,39,6,2.52),(1687,7,10,6.51),(1687,32,9,2.80),(1688,9,3,3.22),(1688,14,5,8.28),(1689,4,7,3.37),(1689,30,2,9.20),(1690,30,5,9.20),(1691,25,7,9.96),(1691,27,4,2.58),(1692,7,7,6.51),(1693,26,2,3.71),(1693,37,10,2.06),(1694,23,8,4.66),(1695,8,9,5.17),(1695,40,2,8.24),(1696,1,2,8.77),(1696,7,6,6.51),(1697,7,10,6.51),(1697,20,3,4.32),(1698,8,1,5.17),(1698,16,2,6.31),(1698,20,7,4.32),(1698,22,1,7.50),(1698,36,8,4.35),(1699,11,2,7.35),(1700,10,8,3.32),(1700,17,10,8.34),(1701,4,2,3.37),(1701,15,1,6.61),(1701,26,6,3.71),(1701,30,3,9.20),(1702,35,8,6.88),(1703,24,8,5.54),(1703,38,2,2.43),(1704,16,8,6.31),(1704,31,4,2.59),(1705,15,7,6.61),(1705,20,9,4.32),(1706,10,6,3.32),(1707,16,5,6.31),(1708,35,10,6.88),(1709,34,3,3.79),(1710,32,10,2.80),(1711,4,2,3.37),(1711,19,1,7.57),(1712,22,8,7.50),(1712,39,1,2.52),(1713,32,8,2.80),(1713,36,3,4.35),(1714,28,9,5.38),(1715,14,8,8.28),(1716,25,7,9.96),(1716,28,4,5.38),(1717,8,1,5.17),(1717,32,6,2.80),(1718,12,8,7.14),(1718,32,8,2.80),(1719,3,1,4.87),(1719,18,3,8.54),(1720,41,3,6.89),(1721,30,6,9.20),(1721,31,7,2.59),(1721,32,5,2.80),(1722,3,9,4.87),(1722,13,7,8.06),(1722,26,1,3.71),(1722,31,2,2.59),(1722,35,7,6.88),(1723,4,8,3.37),(1723,15,5,6.61),(1723,39,5,2.52),(1724,20,1,4.32),(1724,24,7,5.54),(1724,28,10,5.38),(1725,40,2,8.24),(1726,15,8,6.61),(1727,3,6,4.87),(1727,7,10,6.51),(1727,19,7,7.57),(1727,32,9,2.80),(1727,38,6,2.43),(1728,18,2,8.54),(1728,23,6,4.66),(1729,39,8,2.52),(1730,21,6,5.76),(1730,36,6,4.35),(1731,9,2,3.22),(1732,17,1,8.34),(1732,34,3,3.79),(1733,2,10,2.14),(1733,6,10,5.25),(1733,16,9,6.31),(1734,14,7,8.28),(1734,20,3,4.32),(1734,32,3,2.80),(1734,34,10,3.79),(1735,11,10,7.35),(1735,35,6,6.88),(1736,15,5,6.61),(1736,32,5,2.80),(1737,22,3,7.50),(1738,28,8,5.38),(1738,30,9,9.20),(1739,15,8,6.61),(1739,26,3,3.71),(1740,37,3,2.06),(1740,40,7,8.24),(1741,8,2,5.17),(1741,12,4,7.14),(1741,37,5,2.06),(1742,21,9,5.76),(1742,41,7,6.89),(1743,23,9,4.66),(1744,15,3,6.61),(1744,30,8,9.20),(1745,11,8,7.35),(1745,16,9,6.31),(1746,15,4,6.61),(1746,40,6,8.24),(1746,41,10,6.89),(1747,1,6,8.77),(1747,37,6,2.06),(1748,5,2,5.88),(1748,15,10,6.61),(1749,33,4,8.86),(1749,38,2,2.43),(1750,23,3,4.66),(1750,26,3,3.71),(1751,25,1,9.96),(1752,22,10,7.50),(1752,33,1,8.86),(1753,24,2,5.54),(1753,37,9,2.06),(1753,40,9,8.24),(1754,10,6,3.32),(1754,32,6,2.80),(1754,37,5,2.06),(1755,1,5,8.77),(1755,10,10,3.32),(1755,37,2,2.06),(1756,28,9,5.38),(1756,39,5,2.52),(1757,2,5,2.14),(1758,25,7,9.96),(1758,39,2,2.52),(1759,29,3,5.18),(1760,25,8,9.96),(1761,27,1,2.58),(1761,41,7,6.89),(1762,6,7,5.25),(1763,32,10,2.80),(1764,3,1,4.87),(1764,16,6,6.31),(1764,37,10,2.06),(1764,39,5,2.52),(1765,12,2,7.14),(1765,40,3,8.24),(1766,41,5,6.89),(1767,21,1,5.76),(1767,36,7,4.35),(1768,5,8,5.88),(1769,10,3,3.32),(1769,12,5,7.14),(1769,17,10,8.34),(1770,36,5,4.35),(1770,40,9,8.24),(1771,16,4,6.31),(1771,18,9,8.54),(1772,12,6,7.14),(1772,34,7,3.79),(1773,32,4,2.80),(1774,22,9,7.50),(1774,32,1,2.80),(1775,9,7,3.22),(1775,23,8,4.66),(1776,16,3,6.31),(1776,25,4,9.96),(1777,3,8,4.87),(1777,16,4,6.31),(1778,32,10,2.80),(1778,37,1,2.06),(1779,27,7,2.58),(1780,39,2,2.52),(1781,30,6,9.20),(1781,38,6,2.43),(1782,14,9,8.28),(1782,30,1,9.20),(1783,1,2,8.77),(1783,39,4,2.52),(1784,19,7,7.57),(1784,24,7,5.54),(1785,27,5,2.58),(1785,32,4,2.80),(1786,27,6,2.58),(1786,33,10,8.86),(1787,6,6,5.25),(1787,10,2,3.32),(1787,27,1,2.58),(1788,3,2,4.87),(1788,32,4,2.80),(1789,8,2,5.17),(1790,6,4,5.25),(1790,16,2,6.31),(1791,7,1,6.51),(1791,36,7,4.35),(1792,25,10,9.96),(1792,32,6,2.80),(1793,1,4,8.77),(1794,5,7,5.88),(1794,39,7,2.52),(1795,8,2,5.17),(1795,25,1,9.96),(1796,27,2,2.58),(1797,34,10,3.79),(1798,4,4,3.37),(1798,8,9,5.17),(1798,28,3,5.38),(1799,5,7,5.88),(1799,33,7,8.86),(1800,11,7,7.35),(1800,18,8,8.54),(1801,13,8,8.06),(1801,20,4,4.32),(1801,29,1,5.18),(1802,14,2,8.28),(1802,30,10,9.20),(1803,4,4,3.37),(1803,16,10,6.31),(1803,25,4,9.96),(1804,27,5,2.58),(1805,16,5,6.31),(1805,20,9,4.32),(1806,15,7,6.61),(1807,21,8,5.76),(1807,30,2,9.20),(1808,21,6,5.76),(1808,29,3,5.18),(1808,39,8,2.52),(1809,28,2,5.38),(1809,36,8,4.35),(1810,7,8,6.51),(1810,27,7,2.58),(1810,32,3,2.80),(1811,16,10,6.31),(1811,28,4,5.38),(1811,40,9,8.24),(1812,38,3,2.43),(1813,8,1,5.17),(1813,13,5,8.06),(1813,30,9,9.20),(1814,12,7,7.14),(1814,19,10,7.57),(1814,26,7,3.71),(1814,32,2,2.80),(1815,2,9,2.14),(1815,14,1,8.28),(1815,25,10,9.96),(1815,28,5,5.38),(1816,28,6,5.38),(1817,4,4,3.37),(1818,33,8,8.86),(1819,7,5,6.51),(1819,10,1,3.32),(1820,11,3,7.35),(1820,32,6,2.80),(1821,21,6,5.76),(1822,23,5,4.66),(1823,28,9,5.38),(1823,39,7,2.52),(1824,6,6,5.25),(1824,8,2,5.17),(1825,15,1,6.61),(1826,35,9,6.88),(1827,21,9,5.76),(1827,32,2,2.80),(1827,37,7,2.06),(1828,7,3,6.51),(1828,37,7,2.06),(1829,8,4,5.17),(1829,28,8,5.38),(1829,36,3,4.35),(1830,34,8,3.79),(1831,32,8,2.80),(1831,36,4,4.35),(1832,3,1,4.87),(1832,6,3,5.25),(1832,9,8,3.22),(1833,9,6,3.22),(1833,29,7,5.18),(1834,3,4,4.87),(1834,16,10,6.31),(1835,17,9,8.34),(1835,18,5,8.54),(1835,22,5,7.50),(1836,7,10,6.51),(1836,11,6,7.35),(1836,24,2,5.54),(1836,31,5,2.59),(1836,32,5,2.80),(1837,14,3,8.28),(1838,16,9,6.31),(1839,15,8,6.61),(1839,27,2,2.58),(1839,33,9,8.86),(1840,16,7,6.31),(1841,16,10,6.31),(1842,25,9,9.96),(1842,30,10,9.20),(1843,28,5,5.38),(1843,32,8,2.80),(1844,9,10,3.22),(1844,35,5,6.88),(1845,3,6,4.87),(1845,30,4,9.20),(1846,3,4,4.87),(1847,13,4,8.06),(1847,40,7,8.24),(1848,1,7,8.77),(1848,25,7,9.96),(1849,23,2,4.66),(1849,28,6,5.38),(1850,11,9,7.35),(1850,20,4,4.32),(1851,3,8,4.87),(1852,39,7,2.52),(1853,19,10,7.57),(1854,33,6,8.86),(1855,7,7,6.51),(1856,16,3,6.31),(1856,36,6,4.35),(1857,10,2,3.32),(1857,41,3,6.89),(1858,6,8,5.25),(1858,18,8,8.54),(1858,20,9,4.32),(1859,37,5,2.06),(1859,38,9,2.43),(1860,6,2,5.25),(1860,27,8,2.58),(1861,31,6,2.59),(1861,35,3,6.88),(1862,37,3,2.06),(1862,41,10,6.89),(1863,1,7,8.77),(1863,32,8,2.80),(1863,37,6,2.06),(1864,15,2,6.61),(1864,21,10,5.76),(1865,10,5,3.32),(1865,17,8,8.34),(1865,19,1,7.57),(1865,28,4,5.38),(1866,14,10,8.28),(1866,39,5,2.52),(1867,8,8,5.17),(1867,34,4,3.79),(1868,18,10,8.54),(1868,27,9,2.58),(1869,26,6,3.71),(1870,22,3,7.50),(1871,27,5,2.58),(1872,1,7,8.77),(1872,29,7,5.18),(1872,39,9,2.52),(1873,25,1,9.96),(1874,5,4,5.88),(1874,17,7,8.34),(1875,21,1,5.76),(1875,31,6,2.59),(1876,6,9,5.25),(1877,37,1,2.06),(1878,16,4,6.31),(1878,17,5,8.34),(1879,26,1,3.71),(1879,39,8,2.52),(1880,22,4,7.50),(1880,41,8,6.89),(1881,19,3,7.57),(1881,37,1,2.06),(1881,39,6,2.52),(1882,33,3,8.86),(1883,8,9,5.17),(1883,19,5,7.57),(1884,6,9,5.25),(1884,30,4,9.20),(1885,26,2,3.71),(1885,37,1,2.06),(1886,26,4,3.71),(1886,27,8,2.58),(1887,15,1,6.61),(1887,28,3,5.38),(1888,39,3,2.52),(1889,12,6,7.14),(1889,30,2,9.20),(1890,32,6,2.80),(1891,7,6,6.51),(1891,37,5,2.06),(1892,12,8,7.14),(1893,26,2,3.71),(1894,3,6,4.87),(1894,7,1,6.51),(1894,10,4,3.32),(1894,25,4,9.96),(1895,16,7,6.31),(1895,28,5,5.38),(1896,40,9,8.24),(1896,41,5,6.89),(1897,26,1,3.71),(1897,32,2,2.80),(1898,24,2,5.54),(1899,36,7,4.35),(1899,41,10,6.89),(1900,30,7,9.20),(1901,28,8,5.38),(1901,34,10,3.79),(1902,9,1,3.22),(1902,33,7,8.86),(1903,15,7,6.61),(1904,16,6,6.31),(1904,22,10,7.50),(1905,4,9,3.37),(1906,15,4,6.61),(1906,33,10,8.86),(1906,39,7,2.52),(1907,26,3,3.71),(1908,31,3,2.59),(1908,36,10,4.35),(1909,6,3,5.25),(1909,15,10,6.61),(1910,6,10,5.25),(1910,29,8,5.18),(1911,17,7,8.34),(1912,32,9,2.80),(1912,34,9,3.79),(1913,32,6,2.80),(1913,35,10,6.88),(1913,41,2,6.89),(1914,28,3,5.38),(1914,39,1,2.52),(1915,28,8,5.38),(1916,16,5,6.31),(1916,18,3,8.54),(1916,35,3,6.88),(1917,5,10,5.88),(1917,32,3,2.80),(1918,14,5,8.28),(1918,26,4,3.71),(1919,15,3,6.61),(1919,16,7,6.31),(1920,11,7,7.35),(1920,26,4,3.71),(1921,24,6,5.54),(1921,37,8,2.06),(1922,37,3,2.06),(1923,18,2,8.54),(1924,7,5,6.51),(1924,10,1,3.32),(1924,20,6,4.32),(1924,34,4,3.79),(1925,15,2,6.61),(1925,16,9,6.31),(1926,34,4,3.79),(1927,8,3,5.17),(1927,10,10,3.32),(1927,16,4,6.31),(1927,19,9,7.57),(1927,20,7,4.32),(1928,9,1,3.22),(1928,27,4,2.58),(1928,31,1,2.59),(1928,33,5,8.86),(1928,34,9,3.79),(1929,7,10,6.51),(1929,15,7,6.61),(1929,23,5,4.66),(1930,5,8,5.88),(1930,11,10,7.35),(1931,11,10,7.35),(1931,13,3,8.06),(1932,16,4,6.31),(1933,2,10,2.14),(1933,5,2,5.88),(1934,12,3,7.14),(1935,13,5,8.06),(1935,23,10,4.66),(1935,32,4,2.80),(1936,13,8,8.06),(1936,25,6,9.96),(1936,34,1,3.79),(1937,4,3,3.37),(1937,27,3,2.58),(1938,13,5,8.06),(1938,39,7,2.52),(1939,6,8,5.25),(1939,7,6,6.51),(1939,17,6,8.34),(1939,26,6,3.71),(1939,36,10,4.35),(1940,35,7,6.88),(1941,15,9,6.61),(1941,19,7,7.57),(1941,29,3,5.18),(1942,29,1,5.18),(1943,24,8,5.54),(1943,37,6,2.06),(1944,18,8,8.54),(1944,33,9,8.86),(1945,13,1,8.06),(1945,37,4,2.06),(1946,16,3,6.31),(1946,17,10,8.34),(1947,19,8,7.57),(1947,25,8,9.96),(1948,15,9,6.61),(1948,22,10,7.50),(1949,11,8,7.35),(1949,24,5,5.54),(1950,31,7,2.59),(1950,32,3,2.80),(1951,22,9,7.50),(1952,8,2,5.17),(1952,25,7,9.96),(1953,32,8,2.80),(1953,39,4,2.52),(1954,21,10,5.76),(1954,40,4,8.24),(1955,5,7,5.88),(1956,5,7,5.88),(1957,7,4,6.51),(1957,15,7,6.61),(1958,38,6,2.43),(1959,34,1,3.79),(1960,4,1,3.37),(1961,32,7,2.80),(1962,2,7,2.14),(1963,17,6,8.34),(1963,35,3,6.88),(1963,40,6,8.24),(1964,27,4,2.58),(1964,28,8,5.38),(1965,27,5,2.58),(1966,2,7,2.14),(1966,13,2,8.06),(1966,14,5,8.28),(1966,22,3,7.50),(1966,25,5,9.96),(1966,31,2,2.59),(1967,27,7,2.58),(1967,38,4,2.43),(1968,5,3,5.88),(1968,11,6,7.35),(1968,21,1,5.76),(1968,30,5,9.20),(1968,32,9,2.80),(1969,34,1,3.79),(1970,14,7,8.28),(1970,21,10,5.76),(1971,1,9,8.77),(1971,8,2,5.17),(1972,7,3,6.51),(1972,29,8,5.18),(1972,33,10,8.86),(1972,34,10,3.79),(1973,1,8,8.77),(1973,29,2,5.18),(1974,19,8,7.57),(1974,22,7,7.50),(1975,11,6,7.35),(1975,19,5,7.57),(1976,35,8,6.88),(1977,3,2,4.87),(1977,24,5,5.54),(1978,26,5,3.71),(1978,41,4,6.89),(1979,13,3,8.06),(1980,24,10,5.54),(1981,5,1,5.88),(1981,6,3,5.25),(1982,28,10,5.38),(1983,12,3,7.14),(1984,12,6,7.14),(1984,16,10,6.31),(1984,28,9,5.38),(1984,36,3,4.35),(1985,11,8,7.35),(1986,14,8,8.28),(1986,15,8,6.61),(1986,19,9,7.57),(1987,17,1,8.34),(1987,34,1,3.79),(1988,7,2,6.51),(1988,31,8,2.59),(1989,31,5,2.59),(1990,25,3,9.96),(1991,9,6,3.22),(1991,27,5,2.58),(1992,2,4,2.14),(1993,33,4,8.86),(1993,38,4,2.43),(1993,39,3,2.52),(1994,5,9,5.88),(1995,29,7,5.18),(1995,34,8,3.79),(1996,12,2,7.14),(1996,37,7,2.06),(1996,41,6,6.89),(1997,2,3,2.14),(1997,17,6,8.34),(1998,15,3,6.61),(1998,18,5,8.54),(1999,6,8,5.25),(1999,16,5,6.31),(1999,33,4,8.86),(2000,15,9,6.61);
/*!40000 ALTER TABLE `detalle_factura` ENABLE KEYS */;
UNLOCK TABLES;

/*!40103 SET TIME_ZONE=@OLD_TIME_ZONE */;
/*!40101 SET SQL_MODE=@OLD_SQL_MODE */;
/*!40014 SET FOREIGN_KEY_CHECKS=@OLD_FOREIGN_KEY_CHECKS */;
/*!40014 SET UNIQUE_CHECKS=@OLD_UNIQUE_CHECKS */;
/*!40101 SET CHARACTER_SET_CLIENT=@OLD_CHARACTER_SET_CLIENT */;
/*!40101 SET CHARACTER_SET_RESULTS=@OLD_CHARACTER_SET_RESULTS */;
/*!40101 SET COLLATION_CONNECTION=@OLD_COLLATION_CONNECTION */;
/*!40111 SET SQL_NOTES=@OLD_SQL_NOTES */;

-- Dump completed on 2020-09-27 20:25:14
